[{"model": "admin.logentry", "pk": 1, "fields": {"action_time": "2022-11-19T17:20:57.003Z", "user": 9, "content_type": 14, "object_id": "1", "object_repr": "/about/ -- Hello", "action_flag": 1, "change_message": "[{\"added\": {}}]"}}, {"model": "admin.logentry", "pk": 2, "fields": {"action_time": "2022-11-19T17:29:15.475Z", "user": 9, "content_type": 14, "object_id": "1", "object_repr": "/about/ -- Hello", "action_flag": 2, "change_message": "[{\"changed\": {\"fields\": [\"Template name\"]}}]"}}, {"model": "admin.logentry", "pk": 3, "fields": {"action_time": "2022-11-20T09:42:15.986Z", "user": 9, "content_type": 14, "object_id": "2", "object_repr": "/news/ -- Новости", "action_flag": 1, "change_message": "[{\"added\": {}}]"}}, {"model": "admin.logentry", "pk": 4, "fields": {"action_time": "2022-11-20T09:42:56.841Z", "user": 9, "content_type": 14, "object_id": "2", "object_repr": "/news/ -- Новости", "action_flag": 2, "change_message": "[{\"changed\": {\"fields\": [\"Template name\"]}}]"}}, {"model": "admin.logentry", "pk": 5, "fields": {"action_time": "2022-11-20T09:59:38.137Z", "user": 9, "content_type": 14, "object_id": "2", "object_repr": "/news/ -- Новости", "action_flag": 2, "change_message": "[{\"changed\": {\"fields\": [\"Content\"]}}]"}}, {"model": "admin.logentry", "pk": 6, "fields": {"action_time": "2022-11-20T10:00:59.452Z", "user": 9, "content_type": 14, "object_id": "3", "object_repr": "/post/ -- Новость", "action_flag": 1, "change_message": "[{\"added\": {}}]"}}, {"model": "admin.logentry", "pk": 7, "fields": {"action_time": "2022-11-20T10:01:52.740Z", "user": 9, "content_type": 14, "object_id": "3", "object_repr": "/post/ -- Новость", "action_flag": 2, "change_message": "[{\"changed\": {\"fields\": [\"Template name\"]}}]"}}, {"model": "admin.logentry", "pk": 8, "fields": {"action_time": "2022-11-20T10:19:43.917Z", "user": 9, "content_type": 14, "object_id": "3", "object_repr": "/post/ -- Новость", "action_flag": 2, "change_message": "[{\"changed\": {\"fields\": [\"Template name\"]}}]"}}, {"model": "admin.logentry", "pk": 9, "fields": {"action_time": "2022-11-21T05:53:11.524Z", "user": 9, "content_type": 14, "object_id": "2", "object_repr": "/posts/ -- Новости", "action_flag": 2, "change_message": "[{\"changed\": {\"fields\": [\"URL\"]}}]"}}, {"model": "admin.logentry", "pk": 10, "fields": {"action_time": "2022-11-25T17:29:36.663Z", "user": 9, "content_type": 11, "object_id": "27", "object_repr": "Заголовок: «Яндекс» объявил о намерении разделить компанию на две части, Текст: «Яндекс» анонсировал...", "action_flag": 2, "change_message": "[{\"changed\": {\"fields\": [\"Post or new\"]}}]"}}, {"model": "admin.logentry", "pk": 11, "fields": {"action_time": "2022-11-25T17:29:52.414Z", "user": 9, "content_type": 11, "object_id": "26", "object_repr": "Заголовок: Страны ЕС договорились исключить российский газ из совместных закупок, Текст: Министры энергетики ...", "action_flag": 2, "change_message": "[{\"changed\": {\"fields\": [\"Post or new\"]}}]"}}, {"model": "admin.logentry", "pk": 12, "fields": {"action_time": "2022-11-25T17:31:28.585Z", "user": 9, "content_type": 11, "object_id": "21", "object_repr": "Заголовок: ФАС разрешила франчайзи KFC приобрести бизнес Yum! Restaurants, Текст: Федеральная антимоно...", "action_flag": 2, "change_message": "[{\"changed\": {\"fields\": [\"Post or new\"]}}]"}}, {"model": "admin.logentry", "pk": 13, "fields": {"action_time": "2022-11-26T09:53:18.288Z", "user": 9, "content_type": 11, "object_id": "1", "object_repr": "Заголовок: Sport in life, Текст: Какой то текст стать...", "action_flag": 2, "change_message": "[{\"changed\": {\"fields\": [\"Post or new\"]}}]"}}, {"model": "admin.logentry", "pk": 14, "fields": {"action_time": "2022-11-26T10:04:46.059Z", "user": 9, "content_type": 11, "object_id": "11", "object_repr": "Заголовок: Mazda планирует инвестировать, Текст: Японская корпорация ...", "action_flag": 2, "change_message": "[{\"changed\": {\"fields\": [\"Post or new\"]}}]"}}, {"model": "admin.logentry", "pk": 15, "fields": {"action_time": "2022-11-26T10:11:38.859Z", "user": 9, "content_type": 11, "object_id": "1", "object_repr": "Заголовок: Sport in life, Текст: Какой то текст стать...", "action_flag": 2, "change_message": "[{\"changed\": {\"fields\": [\"Post or new\"]}}]"}}, {"model": "admin.logentry", "pk": 16, "fields": {"action_time": "2022-11-26T14:01:00.441Z", "user": 9, "content_type": 11, "object_id": "18", "object_repr": "Заголовок: Более 113 тысяч МСП прошли диагностику бизнеса на Цифровой платформе МСП.РФ, Текст: Свыше 113 тысяч малы...", "action_flag": 2, "change_message": "[{\"changed\": {\"fields\": [\"Post or new\"]}}]"}}, {"model": "admin.logentry", "pk": 17, "fields": {"action_time": "2022-11-26T14:27:00.693Z", "user": 9, "content_type": 11, "object_id": "38", "object_repr": "Заголовок: Unnamed, Текст: Text...", "action_flag": 2, "change_message": "[{\"changed\": {\"fields\": [\"Post or new\"]}}]"}}, {"model": "admin.logentry", "pk": 18, "fields": {"action_time": "2022-11-26T14:27:26.607Z", "user": 9, "content_type": 11, "object_id": "38", "object_repr": "Заголовок: Unnamed, Текст: Text...", "action_flag": 2, "change_message": "[{\"changed\": {\"fields\": [\"Post or new\"]}}]"}}, {"model": "admin.logentry", "pk": 19, "fields": {"action_time": "2022-11-26T14:28:03.672Z", "user": 9, "content_type": 11, "object_id": "38", "object_repr": "Заголовок: Unnamed, Текст: Text...", "action_flag": 2, "change_message": "[{\"changed\": {\"fields\": [\"Post or new\"]}}]"}}, {"model": "admin.logentry", "pk": 20, "fields": {"action_time": "2022-11-26T14:29:28.128Z", "user": 9, "content_type": 11, "object_id": "38", "object_repr": "Заголовок: Unnamed, Текст: Text...", "action_flag": 2, "change_message": "[{\"changed\": {\"fields\": [\"Post or new\"]}}]"}}, {"model": "admin.logentry", "pk": 21, "fields": {"action_time": "2022-11-26T18:53:59.448Z", "user": 9, "content_type": 11, "object_id": "25", "object_repr": "Заголовок: Аналитик предупредил о новом скачке доллара, Текст: Ухудшение геополитич...", "action_flag": 2, "change_message": "[{\"changed\": {\"fields\": [\"Post or new\"]}}]"}}, {"model": "admin.logentry", "pk": 22, "fields": {"action_time": "2022-11-26T18:54:06.732Z", "user": 9, "content_type": 11, "object_id": "19", "object_repr": "Заголовок: Моор рассказал о реализации в Тюменской области крупных инвестпроектов, Текст: Власти Тюменской обл...", "action_flag": 2, "change_message": "[{\"changed\": {\"fields\": [\"Post or new\"]}}]"}}, {"model": "admin.logentry", "pk": 23, "fields": {"action_time": "2022-11-26T18:54:13.574Z", "user": 9, "content_type": 11, "object_id": "10", "object_repr": "Заголовок: В НЦФМ анонсировали альтернативу литографам ASML, Текст: Выступая на форуме «...", "action_flag": 2, "change_message": "[{\"changed\": {\"fields\": [\"Post or new\"]}}]"}}, {"model": "admin.logentry", "pk": 24, "fields": {"action_time": "2022-11-26T18:54:20.246Z", "user": 9, "content_type": 11, "object_id": "10", "object_repr": "Заголовок: В НЦФМ анонсировали альтернативу литографам ASML, Текст: Выступая на форуме «...", "action_flag": 2, "change_message": "[]"}}, {"model": "admin.logentry", "pk": 25, "fields": {"action_time": "2022-11-26T18:54:25.468Z", "user": 9, "content_type": 11, "object_id": "6", "object_repr": "Заголовок: Arduino Make Your UNO Kit, Текст: Плата Arduino Uno бы...", "action_flag": 2, "change_message": "[]"}}, {"model": "admin.logentry", "pk": 26, "fields": {"action_time": "2022-11-26T18:54:31.141Z", "user": 9, "content_type": 11, "object_id": "12", "object_repr": "Заголовок: И о погоде, Текст: Увольнения в Amazon,...", "action_flag": 2, "change_message": "[{\"changed\": {\"fields\": [\"Post or new\"]}}]"}}, {"model": "admin.logentry", "pk": 27, "fields": {"action_time": "2022-11-26T18:54:35.553Z", "user": 9, "content_type": 11, "object_id": "21", "object_repr": "Заголовок: ФАС разрешила франчайзи KFC приобрести бизнес Yum! Restaurants, Текст: Федеральная антимоно...", "action_flag": 2, "change_message": "[]"}}, {"model": "admin.logentry", "pk": 28, "fields": {"action_time": "2022-11-26T18:54:39.133Z", "user": 9, "content_type": 11, "object_id": "25", "object_repr": "Заголовок: Аналитик предупредил о новом скачке доллара, Текст: Ухудшение геополитич...", "action_flag": 2, "change_message": "[]"}}, {"model": "admin.logentry", "pk": 29, "fields": {"action_time": "2022-11-26T18:54:43.147Z", "user": 9, "content_type": 11, "object_id": "26", "object_repr": "Заголовок: Страны ЕС договорились исключить российский газ из совместных закупок, Текст: Министры энергетики ...", "action_flag": 2, "change_message": "[]"}}, {"model": "admin.logentry", "pk": 30, "fields": {"action_time": "2022-11-26T18:54:46.624Z", "user": 9, "content_type": 11, "object_id": "27", "object_repr": "Заголовок: «Яндекс» объявил о намерении разделить компанию на две части, Текст: «Яндекс» анонсировал...", "action_flag": 2, "change_message": "[]"}}, {"model": "admin.logentry", "pk": 31, "fields": {"action_time": "2022-11-26T18:54:53.307Z", "user": 9, "content_type": 11, "object_id": "24", "object_repr": "Заголовок: Дни московской конкуренции пройдут в столице с 7 по 11 декабря, Текст: Дни московской конку...", "action_flag": 2, "change_message": "[{\"changed\": {\"fields\": [\"Post or new\"]}}]"}}, {"model": "admin.logentry", "pk": 32, "fields": {"action_time": "2022-11-26T18:54:58.845Z", "user": 9, "content_type": 11, "object_id": "23", "object_repr": "Заголовок: Ефимов: город подписал договор о развитии бывшей промзоны \"Теплый Стан\", Текст: Столичные власти под...", "action_flag": 2, "change_message": "[{\"changed\": {\"fields\": [\"Post or new\"]}}]"}}, {"model": "admin.logentry", "pk": 33, "fields": {"action_time": "2022-11-26T18:55:02.547Z", "user": 9, "content_type": 11, "object_id": "21", "object_repr": "Заголовок: ФАС разрешила франчайзи KFC приобрести бизнес Yum! Restaurants, Текст: Федеральная антимоно...", "action_flag": 2, "change_message": "[]"}}, {"model": "admin.logentry", "pk": 34, "fields": {"action_time": "2022-11-26T18:55:09.225Z", "user": 9, "content_type": 11, "object_id": "22", "object_repr": "Заголовок: Тюменская область за год обновила 640 километров дорог, Текст: Развитию транспортно...", "action_flag": 2, "change_message": "[{\"changed\": {\"fields\": [\"Post or new\"]}}]"}}, {"model": "admin.logentry", "pk": 35, "fields": {"action_time": "2022-11-26T18:55:14.796Z", "user": 9, "content_type": 11, "object_id": "19", "object_repr": "Заголовок: Моор рассказал о реализации в Тюменской области крупных инвестпроектов, Текст: Власти Тюменской обл...", "action_flag": 2, "change_message": "[]"}}, {"model": "admin.logentry", "pk": 36, "fields": {"action_time": "2022-12-03T20:42:44.785Z", "user": 9, "content_type": 14, "object_id": "4", "object_repr": "/account/sign/ -- login", "action_flag": 1, "change_message": "[{\"added\": {}}]"}}, {"model": "admin.logentry", "pk": 37, "fields": {"action_time": "2022-12-03T20:43:44.882Z", "user": 9, "content_type": 14, "object_id": "4", "object_repr": "/account/sign/ -- login", "action_flag": 2, "change_message": "[{\"changed\": {\"fields\": [\"Template name\"]}}]"}}, {"model": "admin.logentry", "pk": 38, "fields": {"action_time": "2022-12-04T08:23:33.994Z", "user": 9, "content_type": 14, "object_id": "4", "object_repr": "/accounts/sign/ -- login", "action_flag": 2, "change_message": "[{\"changed\": {\"fields\": [\"URL\"]}}]"}}, {"model": "admin.logentry", "pk": 39, "fields": {"action_time": "2022-12-04T10:27:46.108Z", "user": 9, "content_type": 14, "object_id": "4", "object_repr": "/accounts/login/ -- login", "action_flag": 2, "change_message": "[{\"changed\": {\"fields\": [\"URL\"]}}]"}}, {"model": "admin.logentry", "pk": 40, "fields": {"action_time": "2022-12-04T10:29:13.899Z", "user": 9, "content_type": 14, "object_id": "4", "object_repr": "/accounts/login/ -- login", "action_flag": 3, "change_message": ""}}, {"model": "admin.logentry", "pk": 41, "fields": {"action_time": "2022-12-04T11:08:39.297Z", "user": 9, "content_type": 13, "object_id": "1", "object_repr": "127.0.0.1", "action_flag": 2, "change_message": "[{\"changed\": {\"fields\": [\"Domain name\"]}}]"}}, {"model": "admin.logentry", "pk": 42, "fields": {"action_time": "2022-12-04T12:50:14.206Z", "user": 9, "content_type": 18, "object_id": "1", "object_repr": "Google", "action_flag": 1, "change_message": "[{\"added\": {}}]"}}, {"model": "admin.logentry", "pk": 43, "fields": {"action_time": "2022-12-04T12:59:44.591Z", "user": 9, "content_type": 18, "object_id": "1", "object_repr": "Google", "action_flag": 2, "change_message": "[]"}}, {"model": "admin.logentry", "pk": 44, "fields": {"action_time": "2022-12-04T13:13:50.389Z", "user": 9, "content_type": 3, "object_id": "1", "object_repr": "main_group", "action_flag": 1, "change_message": "[{\"added\": {}}]"}}, {"model": "admin.logentry", "pk": 45, "fields": {"action_time": "2022-12-04T13:15:12.136Z", "user": 9, "content_type": 3, "object_id": "1", "object_repr": "basic", "action_flag": 2, "change_message": "[{\"changed\": {\"fields\": [\"Name\"]}}]"}}, {"model": "admin.logentry", "pk": 46, "fields": {"action_time": "2022-12-04T13:15:27.323Z", "user": 9, "content_type": 3, "object_id": "2", "object_repr": "premium", "action_flag": 1, "change_message": "[{\"added\": {}}]"}}, {"model": "admin.logentry", "pk": 47, "fields": {"action_time": "2022-12-04T13:19:43.071Z", "user": 9, "content_type": 4, "object_id": "12", "object_repr": "User_basic", "action_flag": 1, "change_message": "[{\"added\": {}}]"}}, {"model": "admin.logentry", "pk": 48, "fields": {"action_time": "2022-12-04T13:20:06.227Z", "user": 9, "content_type": 4, "object_id": "12", "object_repr": "User_basic", "action_flag": 2, "change_message": "[{\"changed\": {\"fields\": [\"Groups\"]}}]"}}, {"model": "admin.logentry", "pk": 49, "fields": {"action_time": "2022-12-04T13:20:38.568Z", "user": 9, "content_type": 4, "object_id": "13", "object_repr": "User_premium", "action_flag": 1, "change_message": "[{\"added\": {}}]"}}, {"model": "admin.logentry", "pk": 50, "fields": {"action_time": "2022-12-04T13:20:55.426Z", "user": 9, "content_type": 4, "object_id": "13", "object_repr": "User_premium", "action_flag": 2, "change_message": "[{\"changed\": {\"fields\": [\"Groups\"]}}]"}}, {"model": "admin.logentry", "pk": 51, "fields": {"action_time": "2022-12-04T14:58:47.119Z", "user": 9, "content_type": 3, "object_id": "1", "object_repr": "common", "action_flag": 2, "change_message": "[{\"changed\": {\"fields\": [\"Name\"]}}]"}}, {"model": "admin.logentry", "pk": 52, "fields": {"action_time": "2022-12-04T14:59:01.688Z", "user": 9, "content_type": 3, "object_id": "2", "object_repr": "authors", "action_flag": 2, "change_message": "[{\"changed\": {\"fields\": [\"Name\"]}}]"}}, {"model": "admin.logentry", "pk": 53, "fields": {"action_time": "2022-12-04T15:05:39.289Z", "user": 9, "content_type": 4, "object_id": "14", "object_repr": "exam", "action_flag": 2, "change_message": "[{\"changed\": {\"fields\": [\"Groups\"]}}]"}}, {"model": "admin.logentry", "pk": 54, "fields": {"action_time": "2022-12-04T15:38:48.800Z", "user": 9, "content_type": 3, "object_id": "2", "object_repr": "authors", "action_flag": 2, "change_message": "[{\"changed\": {\"fields\": [\"Permissions\"]}}]"}}, {"model": "admin.logentry", "pk": 55, "fields": {"action_time": "2022-12-04T15:39:25.651Z", "user": 9, "content_type": 3, "object_id": "1", "object_repr": "common", "action_flag": 2, "change_message": "[{\"changed\": {\"fields\": [\"Permissions\"]}}]"}}, {"model": "admin.logentry", "pk": 56, "fields": {"action_time": "2022-12-04T16:12:37.756Z", "user": 9, "content_type": 4, "object_id": "15", "object_repr": "user_common", "action_flag": 1, "change_message": "[{\"added\": {}}]"}}, {"model": "admin.logentry", "pk": 57, "fields": {"action_time": "2022-12-04T16:14:05.101Z", "user": 9, "content_type": 4, "object_id": "15", "object_repr": "user_common", "action_flag": 2, "change_message": "[{\"changed\": {\"fields\": [\"Email address\", \"Groups\"]}}]"}}, {"model": "admin.logentry", "pk": 58, "fields": {"action_time": "2022-12-04T16:14:33.601Z", "user": 9, "content_type": 3, "object_id": "1", "object_repr": "common", "action_flag": 2, "change_message": "[]"}}, {"model": "admin.logentry", "pk": 59, "fields": {"action_time": "2022-12-04T18:38:04.628Z", "user": 9, "content_type": 14, "object_id": "5", "object_repr": "/index/ -- authorized", "action_flag": 1, "change_message": "[{\"added\": {}}]"}}, {"model": "admin.logentry", "pk": 60, "fields": {"action_time": "2022-12-04T18:38:37.541Z", "user": 9, "content_type": 14, "object_id": "5", "object_repr": "/index/ -- authorized", "action_flag": 2, "change_message": "[{\"changed\": {\"fields\": [\"Template name\"]}}]"}}, {"model": "admin.logentry", "pk": 61, "fields": {"action_time": "2022-12-05T16:31:10.379Z", "user": 9, "content_type": 4, "object_id": "19", "object_repr": "Usr_tst", "action_flag": 2, "change_message": "[{\"changed\": {\"fields\": [\"Groups\"]}}]"}}, {"model": "admin.logentry", "pk": 62, "fields": {"action_time": "2022-12-05T16:47:09.949Z", "user": 9, "content_type": 14, "object_id": "5", "object_repr": "/welcome/ -- authorized", "action_flag": 2, "change_message": "[{\"changed\": {\"fields\": [\"URL\"]}}]"}}, {"model": "admin.logentry", "pk": 63, "fields": {"action_time": "2022-12-05T16:48:18.202Z", "user": 9, "content_type": 14, "object_id": "5", "object_repr": "/welcome/ -- authorized", "action_flag": 2, "change_message": "[{\"changed\": {\"fields\": [\"Content\"]}}]"}}, {"model": "admin.logentry", "pk": 64, "fields": {"action_time": "2022-12-05T16:49:23.438Z", "user": 9, "content_type": 14, "object_id": "5", "object_repr": "/welcome/ -- authorized", "action_flag": 2, "change_message": "[{\"changed\": {\"fields\": [\"Content\"]}}]"}}, {"model": "admin.logentry", "pk": 65, "fields": {"action_time": "2022-12-05T16:50:23.608Z", "user": 9, "content_type": 14, "object_id": "5", "object_repr": "/welcome/ -- Welcome", "action_flag": 2, "change_message": "[{\"changed\": {\"fields\": [\"Title\", \"Content\"]}}]"}}, {"model": "admin.logentry", "pk": 66, "fields": {"action_time": "2022-12-05T16:51:14.692Z", "user": 9, "content_type": 14, "object_id": "5", "object_repr": "/welcome/ -- Welcome", "action_flag": 2, "change_message": "[{\"changed\": {\"fields\": [\"Content\", \"Template name\"]}}]"}}, {"model": "admin.logentry", "pk": 67, "fields": {"action_time": "2022-12-09T20:17:19.218Z", "user": 9, "content_type": 4, "object_id": "8", "object_repr": "User_4", "action_flag": 2, "change_message": "[{\"changed\": {\"fields\": [\"Groups\"]}}]"}}, {"model": "admin.logentry", "pk": 68, "fields": {"action_time": "2022-12-09T20:18:36.714Z", "user": 9, "content_type": 12, "object_id": "3", "object_repr": "Name: User_basic, Rating: 0", "action_flag": 1, "change_message": "[{\"added\": {}}]"}}, {"model": "admin.logentry", "pk": 69, "fields": {"action_time": "2022-12-10T16:47:39.187Z", "user": 9, "content_type": 4, "object_id": "8", "object_repr": "User_4", "action_flag": 2, "change_message": "[{\"changed\": {\"fields\": [\"Groups\"]}}]"}}, {"model": "admin.logentry", "pk": 70, "fields": {"action_time": "2022-12-10T16:50:18.326Z", "user": 9, "content_type": 4, "object_id": "10", "object_repr": "alexx", "action_flag": 2, "change_message": "[{\"changed\": {\"fields\": [\"Groups\"]}}]"}}, {"model": "admin.logentry", "pk": 71, "fields": {"action_time": "2022-12-10T17:29:56.256Z", "user": 9, "content_type": 4, "object_id": "15", "object_repr": "user_common", "action_flag": 2, "change_message": "[{\"changed\": {\"fields\": [\"Groups\"]}}]"}}, {"model": "admin.logentry", "pk": 72, "fields": {"action_time": "2022-12-10T17:31:28.309Z", "user": 9, "content_type": 4, "object_id": "12", "object_repr": "User_basic", "action_flag": 3, "change_message": ""}}, {"model": "admin.logentry", "pk": 73, "fields": {"action_time": "2022-12-10T17:31:28.373Z", "user": 9, "content_type": 4, "object_id": "13", "object_repr": "User_premium", "action_flag": 3, "change_message": ""}}, {"model": "admin.logentry", "pk": 74, "fields": {"action_time": "2022-12-10T17:31:28.432Z", "user": 9, "content_type": 4, "object_id": "18", "object_repr": "User_testt", "action_flag": 3, "change_message": ""}}, {"model": "admin.logentry", "pk": 75, "fields": {"action_time": "2022-12-10T17:31:28.489Z", "user": 9, "content_type": 4, "object_id": "17", "object_repr": "Usr_test", "action_flag": 3, "change_message": ""}}, {"model": "admin.logentry", "pk": 76, "fields": {"action_time": "2022-12-10T17:31:28.547Z", "user": 9, "content_type": 4, "object_id": "21", "object_repr": "Usr_testtt", "action_flag": 3, "change_message": ""}}, {"model": "admin.logentry", "pk": 77, "fields": {"action_time": "2022-12-10T17:31:28.605Z", "user": 9, "content_type": 4, "object_id": "19", "object_repr": "Usr_tst", "action_flag": 3, "change_message": ""}}, {"model": "admin.logentry", "pk": 78, "fields": {"action_time": "2022-12-10T17:31:28.663Z", "user": 9, "content_type": 4, "object_id": "20", "object_repr": "Usr_tsttt", "action_flag": 3, "change_message": ""}}, {"model": "admin.logentry", "pk": 79, "fields": {"action_time": "2022-12-10T17:31:28.730Z", "user": 9, "content_type": 4, "object_id": "16", "object_repr": "comm_user", "action_flag": 3, "change_message": ""}}, {"model": "admin.logentry", "pk": 80, "fields": {"action_time": "2022-12-10T17:31:28.788Z", "user": 9, "content_type": 4, "object_id": "14", "object_repr": "exam", "action_flag": 3, "change_message": ""}}, {"model": "admin.logentry", "pk": 81, "fields": {"action_time": "2022-12-10T17:31:28.845Z", "user": 9, "content_type": 4, "object_id": "22", "object_repr": "gr_user", "action_flag": 3, "change_message": ""}}, {"model": "admin.logentry", "pk": 82, "fields": {"action_time": "2022-12-10T17:31:28.912Z", "user": 9, "content_type": 4, "object_id": "23", "object_repr": "new_User", "action_flag": 3, "change_message": ""}}, {"model": "admin.logentry", "pk": 83, "fields": {"action_time": "2022-12-10T17:31:53.920Z", "user": 9, "content_type": 4, "object_id": "4", "object_repr": "Mike", "action_flag": 3, "change_message": ""}}, {"model": "admin.logentry", "pk": 84, "fields": {"action_time": "2022-12-10T17:32:10.607Z", "user": 9, "content_type": 4, "object_id": "2", "object_repr": "Nikolay", "action_flag": 2, "change_message": "[{\"changed\": {\"fields\": [\"Groups\"]}}]"}}, {"model": "admin.logentry", "pk": 85, "fields": {"action_time": "2022-12-10T18:39:28.581Z", "user": 9, "content_type": 4, "object_id": "15", "object_repr": "user_common", "action_flag": 2, "change_message": "[{\"changed\": {\"fields\": [\"Groups\"]}}]"}}, {"model": "admin.logentry", "pk": 86, "fields": {"action_time": "2022-12-10T18:45:31.099Z", "user": 9, "content_type": 4, "object_id": "15", "object_repr": "user_common", "action_flag": 2, "change_message": "[{\"changed\": {\"fields\": [\"Groups\"]}}]"}}, {"model": "admin.logentry", "pk": 87, "fields": {"action_time": "2022-12-11T09:34:18.469Z", "user": 9, "content_type": 4, "object_id": "24", "object_repr": "User_infernal", "action_flag": 3, "change_message": ""}}, {"model": "admin.logentry", "pk": 88, "fields": {"action_time": "2022-12-11T09:57:34.805Z", "user": 9, "content_type": 4, "object_id": "25", "object_repr": "User_egorov", "action_flag": 3, "change_message": ""}}, {"model": "admin.logentry", "pk": 89, "fields": {"action_time": "2022-12-11T10:21:24.969Z", "user": 9, "content_type": 4, "object_id": "26", "object_repr": "User_egorov", "action_flag": 3, "change_message": ""}}, {"model": "admin.logentry", "pk": 90, "fields": {"action_time": "2022-12-11T10:27:45.436Z", "user": 9, "content_type": 4, "object_id": "27", "object_repr": "User_egorov", "action_flag": 3, "change_message": ""}}, {"model": "admin.logentry", "pk": 91, "fields": {"action_time": "2022-12-11T10:29:50.961Z", "user": 9, "content_type": 4, "object_id": "28", "object_repr": "User_egorov", "action_flag": 3, "change_message": ""}}, {"model": "admin.logentry", "pk": 92, "fields": {"action_time": "2022-12-11T10:46:29.186Z", "user": 9, "content_type": 4, "object_id": "29", "object_repr": "User_egorov", "action_flag": 3, "change_message": ""}}, {"model": "admin.logentry", "pk": 93, "fields": {"action_time": "2022-12-11T14:59:32.663Z", "user": 9, "content_type": 4, "object_id": "9", "object_repr": "admin", "action_flag": 2, "change_message": "[{\"changed\": {\"fields\": [\"Email address\"]}}]"}}, {"model": "admin.logentry", "pk": 94, "fields": {"action_time": "2022-12-11T15:09:02.633Z", "user": 9, "content_type": 4, "object_id": "30", "object_repr": "User_egorov", "action_flag": 3, "change_message": ""}}, {"model": "admin.logentry", "pk": 95, "fields": {"action_time": "2022-12-11T15:11:06.175Z", "user": 9, "content_type": 4, "object_id": "9", "object_repr": "admin", "action_flag": 2, "change_message": "[{\"changed\": {\"fields\": [\"Email address\"]}}]"}}, {"model": "admin.logentry", "pk": 96, "fields": {"action_time": "2022-12-11T15:28:34.750Z", "user": 9, "content_type": 4, "object_id": "31", "object_repr": "User_egorov", "action_flag": 3, "change_message": ""}}, {"model": "admin.logentry", "pk": 97, "fields": {"action_time": "2022-12-12T05:16:15.661Z", "user": 9, "content_type": 4, "object_id": "32", "object_repr": "User_egorov", "action_flag": 3, "change_message": ""}}, {"model": "admin.logentry", "pk": 98, "fields": {"action_time": "2022-12-12T06:04:11.703Z", "user": 9, "content_type": 4, "object_id": "33", "object_repr": "User_egorov", "action_flag": 3, "change_message": ""}}, {"model": "admin.logentry", "pk": 99, "fields": {"action_time": "2022-12-12T06:21:30.003Z", "user": 9, "content_type": 4, "object_id": "34", "object_repr": "User_egorov", "action_flag": 3, "change_message": ""}}, {"model": "admin.logentry", "pk": 100, "fields": {"action_time": "2022-12-12T08:05:57.209Z", "user": 9, "content_type": 4, "object_id": "35", "object_repr": "User_egorov", "action_flag": 3, "change_message": ""}}, {"model": "admin.logentry", "pk": 101, "fields": {"action_time": "2022-12-12T08:09:53.788Z", "user": 9, "content_type": 4, "object_id": "36", "object_repr": "User_egorov", "action_flag": 3, "change_message": ""}}, {"model": "admin.logentry", "pk": 102, "fields": {"action_time": "2022-12-12T11:57:51.479Z", "user": 9, "content_type": 4, "object_id": "37", "object_repr": "User_egorov", "action_flag": 3, "change_message": ""}}, {"model": "admin.logentry", "pk": 103, "fields": {"action_time": "2022-12-12T12:04:03.931Z", "user": 9, "content_type": 4, "object_id": "38", "object_repr": "User_egorov", "action_flag": 3, "change_message": ""}}, {"model": "admin.logentry", "pk": 104, "fields": {"action_time": "2022-12-12T12:23:48.391Z", "user": 9, "content_type": 4, "object_id": "39", "object_repr": "User_egorov", "action_flag": 3, "change_message": ""}}, {"model": "admin.logentry", "pk": 105, "fields": {"action_time": "2022-12-12T15:15:01.416Z", "user": 9, "content_type": 4, "object_id": "40", "object_repr": "User_egorov", "action_flag": 3, "change_message": ""}}, {"model": "admin.logentry", "pk": 106, "fields": {"action_time": "2022-12-15T11:10:48.320Z", "user": 9, "content_type": 4, "object_id": "41", "object_repr": "User_egorov", "action_flag": 3, "change_message": ""}}, {"model": "admin.logentry", "pk": 107, "fields": {"action_time": "2022-12-15T11:16:49.803Z", "user": 9, "content_type": 11, "object_id": "56", "object_repr": "Заголовок: Unnamed, Текст: The purpose of this ...", "action_flag": 3, "change_message": ""}}, {"model": "admin.logentry", "pk": 108, "fields": {"action_time": "2022-12-15T11:16:49.898Z", "user": 9, "content_type": 11, "object_id": "55", "object_repr": "Заголовок: Unnamed, Текст: The purpose of this ...", "action_flag": 3, "change_message": ""}}, {"model": "admin.logentry", "pk": 109, "fields": {"action_time": "2022-12-15T11:16:49.977Z", "user": 9, "content_type": 11, "object_id": "54", "object_repr": "Заголовок: Unnamed, Текст: The purpose of this ...", "action_flag": 3, "change_message": ""}}, {"model": "admin.logentry", "pk": 110, "fields": {"action_time": "2022-12-15T11:16:50.063Z", "user": 9, "content_type": 11, "object_id": "53", "object_repr": "Заголовок: Unnamed, Текст: The purpose of this ...", "action_flag": 3, "change_message": ""}}, {"model": "admin.logentry", "pk": 111, "fields": {"action_time": "2022-12-15T11:17:13.756Z", "user": 9, "content_type": 11, "object_id": "52", "object_repr": "Заголовок: Unnamed, Текст: The purpose of this ...", "action_flag": 3, "change_message": ""}}, {"model": "admin.logentry", "pk": 112, "fields": {"action_time": "2022-12-15T11:17:13.848Z", "user": 9, "content_type": 11, "object_id": "51", "object_repr": "Заголовок: Unnamed, Текст: The purpose of this ...", "action_flag": 3, "change_message": ""}}, {"model": "admin.logentry", "pk": 113, "fields": {"action_time": "2022-12-15T17:59:57.059Z", "user": 9, "content_type": 4, "object_id": "42", "object_repr": "User_egorov", "action_flag": 3, "change_message": ""}}, {"model": "admin.logentry", "pk": 114, "fields": {"action_time": "2022-12-18T10:38:34.967Z", "user": 9, "content_type": 11, "object_id": "63", "object_repr": "Заголовок: Unnamed1, Текст: Text234...", "action_flag": 3, "change_message": ""}}, {"model": "admin.logentry", "pk": 115, "fields": {"action_time": "2022-12-18T10:38:35.071Z", "user": 9, "content_type": 11, "object_id": "62", "object_repr": "Заголовок: Unnamed, Текст: Text2...", "action_flag": 3, "change_message": ""}}, {"model": "admin.logentry", "pk": 116, "fields": {"action_time": "2022-12-18T10:38:35.130Z", "user": 9, "content_type": 11, "object_id": "61", "object_repr": "Заголовок: Unnamed, Текст: Text...", "action_flag": 3, "change_message": ""}}, {"model": "admin.logentry", "pk": 117, "fields": {"action_time": "2022-12-18T15:55:13.839Z", "user": 9, "content_type": 4, "object_id": "43", "object_repr": "User_egorov", "action_flag": 3, "change_message": ""}}, {"model": "admin.logentry", "pk": 118, "fields": {"action_time": "2022-12-18T16:25:50.361Z", "user": 9, "content_type": 14, "object_id": "5", "object_repr": "/welcome/ -- Welcome", "action_flag": 2, "change_message": "[{\"changed\": {\"fields\": [\"Template name\"]}}]"}}, {"model": "admin.logentry", "pk": 119, "fields": {"action_time": "2022-12-18T16:39:20.059Z", "user": 9, "content_type": 14, "object_id": "6", "object_repr": "/goodbye/ -- Goodbye", "action_flag": 1, "change_message": "[{\"added\": {}}]"}}, {"model": "admin.logentry", "pk": 120, "fields": {"action_time": "2022-12-18T16:39:58.785Z", "user": 9, "content_type": 14, "object_id": "6", "object_repr": "/goodbye/ -- Goodbye", "action_flag": 2, "change_message": "[{\"changed\": {\"fields\": [\"Template name\"]}}]"}}, {"model": "admin.logentry", "pk": 121, "fields": {"action_time": "2022-12-20T17:19:53.106Z", "user": 9, "content_type": 4, "object_id": "44", "object_repr": "User_egorov", "action_flag": 3, "change_message": ""}}, {"model": "auth.permission", "pk": 1, "fields": {"name": "Can add log entry", "content_type": 1, "codename": "add_logentry"}}, {"model": "auth.permission", "pk": 2, "fields": {"name": "Can change log entry", "content_type": 1, "codename": "change_logentry"}}, {"model": "auth.permission", "pk": 3, "fields": {"name": "Can delete log entry", "content_type": 1, "codename": "delete_logentry"}}, {"model": "auth.permission", "pk": 4, "fields": {"name": "Can view log entry", "content_type": 1, "codename": "view_logentry"}}, {"model": "auth.permission", "pk": 5, "fields": {"name": "Can add permission", "content_type": 2, "codename": "add_permission"}}, {"model": "auth.permission", "pk": 6, "fields": {"name": "Can change permission", "content_type": 2, "codename": "change_permission"}}, {"model": "auth.permission", "pk": 7, "fields": {"name": "Can delete permission", "content_type": 2, "codename": "delete_permission"}}, {"model": "auth.permission", "pk": 8, "fields": {"name": "Can view permission", "content_type": 2, "codename": "view_permission"}}, {"model": "auth.permission", "pk": 9, "fields": {"name": "Can add group", "content_type": 3, "codename": "add_group"}}, {"model": "auth.permission", "pk": 10, "fields": {"name": "Can change group", "content_type": 3, "codename": "change_group"}}, {"model": "auth.permission", "pk": 11, "fields": {"name": "Can delete group", "content_type": 3, "codename": "delete_group"}}, {"model": "auth.permission", "pk": 12, "fields": {"name": "Can view group", "content_type": 3, "codename": "view_group"}}, {"model": "auth.permission", "pk": 13, "fields": {"name": "Can add user", "content_type": 4, "codename": "add_user"}}, {"model": "auth.permission", "pk": 14, "fields": {"name": "Can change user", "content_type": 4, "codename": "change_user"}}, {"model": "auth.permission", "pk": 15, "fields": {"name": "Can delete user", "content_type": 4, "codename": "delete_user"}}, {"model": "auth.permission", "pk": 16, "fields": {"name": "Can view user", "content_type": 4, "codename": "view_user"}}, {"model": "auth.permission", "pk": 17, "fields": {"name": "Can add content type", "content_type": 5, "codename": "add_contenttype"}}, {"model": "auth.permission", "pk": 18, "fields": {"name": "Can change content type", "content_type": 5, "codename": "change_contenttype"}}, {"model": "auth.permission", "pk": 19, "fields": {"name": "Can delete content type", "content_type": 5, "codename": "delete_contenttype"}}, {"model": "auth.permission", "pk": 20, "fields": {"name": "Can view content type", "content_type": 5, "codename": "view_contenttype"}}, {"model": "auth.permission", "pk": 21, "fields": {"name": "Can add session", "content_type": 6, "codename": "add_session"}}, {"model": "auth.permission", "pk": 22, "fields": {"name": "Can change session", "content_type": 6, "codename": "change_session"}}, {"model": "auth.permission", "pk": 23, "fields": {"name": "Can delete session", "content_type": 6, "codename": "delete_session"}}, {"model": "auth.permission", "pk": 24, "fields": {"name": "Can view session", "content_type": 6, "codename": "view_session"}}, {"model": "auth.permission", "pk": 25, "fields": {"name": "Can add author", "content_type": 7, "codename": "add_author"}}, {"model": "auth.permission", "pk": 26, "fields": {"name": "Can change author", "content_type": 7, "codename": "change_author"}}, {"model": "auth.permission", "pk": 27, "fields": {"name": "Can delete author", "content_type": 7, "codename": "delete_author"}}, {"model": "auth.permission", "pk": 28, "fields": {"name": "Can view author", "content_type": 7, "codename": "view_author"}}, {"model": "auth.permission", "pk": 29, "fields": {"name": "Can add categories", "content_type": 8, "codename": "add_categories"}}, {"model": "auth.permission", "pk": 30, "fields": {"name": "Can change categories", "content_type": 8, "codename": "change_categories"}}, {"model": "auth.permission", "pk": 31, "fields": {"name": "Can delete categories", "content_type": 8, "codename": "delete_categories"}}, {"model": "auth.permission", "pk": 32, "fields": {"name": "Can view categories", "content_type": 8, "codename": "view_categories"}}, {"model": "auth.permission", "pk": 33, "fields": {"name": "Can add comments", "content_type": 9, "codename": "add_comments"}}, {"model": "auth.permission", "pk": 34, "fields": {"name": "Can change comments", "content_type": 9, "codename": "change_comments"}}, {"model": "auth.permission", "pk": 35, "fields": {"name": "Can delete comments", "content_type": 9, "codename": "delete_comments"}}, {"model": "auth.permission", "pk": 36, "fields": {"name": "Can view comments", "content_type": 9, "codename": "view_comments"}}, {"model": "auth.permission", "pk": 37, "fields": {"name": "Can add post_ category", "content_type": 10, "codename": "add_post_category"}}, {"model": "auth.permission", "pk": 38, "fields": {"name": "Can change post_ category", "content_type": 10, "codename": "change_post_category"}}, {"model": "auth.permission", "pk": 39, "fields": {"name": "Can delete post_ category", "content_type": 10, "codename": "delete_post_category"}}, {"model": "auth.permission", "pk": 40, "fields": {"name": "Can view post_ category", "content_type": 10, "codename": "view_post_category"}}, {"model": "auth.permission", "pk": 41, "fields": {"name": "Can add posts", "content_type": 11, "codename": "add_posts"}}, {"model": "auth.permission", "pk": 42, "fields": {"name": "Can change posts", "content_type": 11, "codename": "change_posts"}}, {"model": "auth.permission", "pk": 43, "fields": {"name": "Can delete posts", "content_type": 11, "codename": "delete_posts"}}, {"model": "auth.permission", "pk": 44, "fields": {"name": "Can view posts", "content_type": 11, "codename": "view_posts"}}, {"model": "auth.permission", "pk": 45, "fields": {"name": "Can add authors", "content_type": 12, "codename": "add_authors"}}, {"model": "auth.permission", "pk": 46, "fields": {"name": "Can change authors", "content_type": 12, "codename": "change_authors"}}, {"model": "auth.permission", "pk": 47, "fields": {"name": "Can delete authors", "content_type": 12, "codename": "delete_authors"}}, {"model": "auth.permission", "pk": 48, "fields": {"name": "Can view authors", "content_type": 12, "codename": "view_authors"}}, {"model": "auth.permission", "pk": 49, "fields": {"name": "Can add site", "content_type": 13, "codename": "add_site"}}, {"model": "auth.permission", "pk": 50, "fields": {"name": "Can change site", "content_type": 13, "codename": "change_site"}}, {"model": "auth.permission", "pk": 51, "fields": {"name": "Can delete site", "content_type": 13, "codename": "delete_site"}}, {"model": "auth.permission", "pk": 52, "fields": {"name": "Can view site", "content_type": 13, "codename": "view_site"}}, {"model": "auth.permission", "pk": 53, "fields": {"name": "Can add flat page", "content_type": 14, "codename": "add_flatpage"}}, {"model": "auth.permission", "pk": 54, "fields": {"name": "Can change flat page", "content_type": 14, "codename": "change_flatpage"}}, {"model": "auth.permission", "pk": 55, "fields": {"name": "Can delete flat page", "content_type": 14, "codename": "delete_flatpage"}}, {"model": "auth.permission", "pk": 56, "fields": {"name": "Can view flat page", "content_type": 14, "codename": "view_flatpage"}}, {"model": "auth.permission", "pk": 57, "fields": {"name": "Can add email address", "content_type": 15, "codename": "add_emailaddress"}}, {"model": "auth.permission", "pk": 58, "fields": {"name": "Can change email address", "content_type": 15, "codename": "change_emailaddress"}}, {"model": "auth.permission", "pk": 59, "fields": {"name": "Can delete email address", "content_type": 15, "codename": "delete_emailaddress"}}, {"model": "auth.permission", "pk": 60, "fields": {"name": "Can view email address", "content_type": 15, "codename": "view_emailaddress"}}, {"model": "auth.permission", "pk": 61, "fields": {"name": "Can add email confirmation", "content_type": 16, "codename": "add_emailconfirmation"}}, {"model": "auth.permission", "pk": 62, "fields": {"name": "Can change email confirmation", "content_type": 16, "codename": "change_emailconfirmation"}}, {"model": "auth.permission", "pk": 63, "fields": {"name": "Can delete email confirmation", "content_type": 16, "codename": "delete_emailconfirmation"}}, {"model": "auth.permission", "pk": 64, "fields": {"name": "Can view email confirmation", "content_type": 16, "codename": "view_emailconfirmation"}}, {"model": "auth.permission", "pk": 65, "fields": {"name": "Can add social account", "content_type": 17, "codename": "add_socialaccount"}}, {"model": "auth.permission", "pk": 66, "fields": {"name": "Can change social account", "content_type": 17, "codename": "change_socialaccount"}}, {"model": "auth.permission", "pk": 67, "fields": {"name": "Can delete social account", "content_type": 17, "codename": "delete_socialaccount"}}, {"model": "auth.permission", "pk": 68, "fields": {"name": "Can view social account", "content_type": 17, "codename": "view_socialaccount"}}, {"model": "auth.permission", "pk": 69, "fields": {"name": "Can add social application", "content_type": 18, "codename": "add_socialapp"}}, {"model": "auth.permission", "pk": 70, "fields": {"name": "Can change social application", "content_type": 18, "codename": "change_socialapp"}}, {"model": "auth.permission", "pk": 71, "fields": {"name": "Can delete social application", "content_type": 18, "codename": "delete_socialapp"}}, {"model": "auth.permission", "pk": 72, "fields": {"name": "Can view social application", "content_type": 18, "codename": "view_socialapp"}}, {"model": "auth.permission", "pk": 73, "fields": {"name": "Can add social application token", "content_type": 19, "codename": "add_socialtoken"}}, {"model": "auth.permission", "pk": 74, "fields": {"name": "Can change social application token", "content_type": 19, "codename": "change_socialtoken"}}, {"model": "auth.permission", "pk": 75, "fields": {"name": "Can delete social application token", "content_type": 19, "codename": "delete_socialtoken"}}, {"model": "auth.permission", "pk": 76, "fields": {"name": "Can view social application token", "content_type": 19, "codename": "view_socialtoken"}}, {"model": "auth.permission", "pk": 77, "fields": {"name": "Can add appointment", "content_type": 20, "codename": "add_appointment"}}, {"model": "auth.permission", "pk": 78, "fields": {"name": "Can change appointment", "content_type": 20, "codename": "change_appointment"}}, {"model": "auth.permission", "pk": 79, "fields": {"name": "Can delete appointment", "content_type": 20, "codename": "delete_appointment"}}, {"model": "auth.permission", "pk": 80, "fields": {"name": "Can view appointment", "content_type": 20, "codename": "view_appointment"}}, {"model": "auth.permission", "pk": 81, "fields": {"name": "Can add subscribers users", "content_type": 21, "codename": "add_subscribersusers"}}, {"model": "auth.permission", "pk": 82, "fields": {"name": "Can change subscribers users", "content_type": 21, "codename": "change_subscribersusers"}}, {"model": "auth.permission", "pk": 83, "fields": {"name": "Can delete subscribers users", "content_type": 21, "codename": "delete_subscribersusers"}}, {"model": "auth.permission", "pk": 84, "fields": {"name": "Can view subscribers users", "content_type": 21, "codename": "view_subscribersusers"}}, {"model": "auth.permission", "pk": 85, "fields": {"name": "Can add django job", "content_type": 22, "codename": "add_djangojob"}}, {"model": "auth.permission", "pk": 86, "fields": {"name": "Can change django job", "content_type": 22, "codename": "change_djangojob"}}, {"model": "auth.permission", "pk": 87, "fields": {"name": "Can delete django job", "content_type": 22, "codename": "delete_djangojob"}}, {"model": "auth.permission", "pk": 88, "fields": {"name": "Can view django job", "content_type": 22, "codename": "view_djangojob"}}, {"model": "auth.permission", "pk": 89, "fields": {"name": "Can add django job execution", "content_type": 23, "codename": "add_djangojobexecution"}}, {"model": "auth.permission", "pk": 90, "fields": {"name": "Can change django job execution", "content_type": 23, "codename": "change_djangojobexecution"}}, {"model": "auth.permission", "pk": 91, "fields": {"name": "Can delete django job execution", "content_type": 23, "codename": "delete_djangojobexecution"}}, {"model": "auth.permission", "pk": 92, "fields": {"name": "Can view django job execution", "content_type": 23, "codename": "view_djangojobexecution"}}, {"model": "auth.group", "pk": 1, "fields": {"name": "common", "permissions": [41, 42, 43, 44]}}, {"model": "auth.group", "pk": 2, "fields": {"name": "authors", "permissions": [41, 42, 43, 44]}}, {"model": "auth.user", "pk": 1, "fields": {"password": "pbkdf2_sha256$390000$zI3UHtH6BUmct8GI7Vma6r$0rrHcRBVN58BPKieD5fHJAfPfUVSlCKZmSHiLeMR0VE=", "last_login": null, "is_superuser": true, "username": "joe", "first_name": "", "last_name": "", "email": "joe@example.com", "is_staff": true, "is_active": true, "date_joined": "2022-11-12T15:34:48.035Z", "groups": [], "user_permissions": []}}, {"model": "auth.user", "pk": 2, "fields": {"password": "!96rUsqs3aFsnE9L0R5YclRGctIW9pquAwiv5Svda", "last_login": null, "is_superuser": false, "username": "Nikolay", "first_name": "", "last_name": "", "email": "", "is_staff": false, "is_active": true, "date_joined": "2022-11-12T19:37:37Z", "groups": [1], "user_permissions": []}}, {"model": "auth.user", "pk": 3, "fields": {"password": "!gQjIM4aRKI5OAb8rvsCEJ2XfUZrGXwUEujcHSlsB", "last_login": null, "is_superuser": false, "username": "Petr", "first_name": "", "last_name": "", "email": "", "is_staff": false, "is_active": true, "date_joined": "2022-11-12T19:39:41.079Z", "groups": [], "user_permissions": []}}, {"model": "auth.user", "pk": 5, "fields": {"password": "qwerty", "last_login": null, "is_superuser": false, "username": "User_1", "first_name": "Иван", "last_name": "Иванов", "email": "example@mail.ru", "is_staff": false, "is_active": true, "date_joined": "2022-11-13T08:59:11.042Z", "groups": [], "user_permissions": []}}, {"model": "auth.user", "pk": 6, "fields": {"password": "asdfg", "last_login": null, "is_superuser": false, "username": "User_2", "first_name": "Петр", "last_name": "Петров", "email": "petrov@gmail.com", "is_staff": false, "is_active": true, "date_joined": "2022-11-13T09:01:11.587Z", "groups": [], "user_permissions": []}}, {"model": "auth.user", "pk": 7, "fields": {"password": "123", "last_login": null, "is_superuser": false, "username": "User_3", "first_name": "Максим", "last_name": "Максимов", "email": "max@mail.ru", "is_staff": false, "is_active": true, "date_joined": "2022-11-13T09:14:06.515Z", "groups": [], "user_permissions": []}}, {"model": "auth.user", "pk": 8, "fields": {"password": "qwerty", "last_login": null, "is_superuser": false, "username": "User_4", "first_name": "Иван", "last_name": "Иванов", "email": "example@mail.ru", "is_staff": false, "is_active": true, "date_joined": "2022-11-13T09:32:52Z", "groups": [1], "user_permissions": []}}, {"model": "auth.user", "pk": 9, "fields": {"password": "pbkdf2_sha256$390000$4dI6jQV4W0wgEzGnWPk7m6$L+cYU4ixhhFB3vu0hPsnukCCyB7KKRaQkdH9zcQpMrA=", "last_login": "2022-12-21T15:15:09.258Z", "is_superuser": true, "username": "admin", "first_name": "", "last_name": "", "email": "", "is_staff": true, "is_active": true, "date_joined": "2022-11-19T15:58:51Z", "groups": [2], "user_permissions": []}}, {"model": "auth.user", "pk": 10, "fields": {"password": "!ojgwNOn5bpg7lPGdWuPYCetXGeOosrijzWSk0ekq", "last_login": "2022-12-24T18:54:16.821Z", "is_superuser": false, "username": "alexx", "first_name": "Alexx", "last_name": "infernal", "email": "infernal.mail@gmail.com", "is_staff": false, "is_active": true, "date_joined": "2022-12-04T12:51:51Z", "groups": [1], "user_permissions": []}}, {"model": "auth.user", "pk": 11, "fields": {"password": "pbkdf2_sha256$390000$jicQK4WowOXyP60vDpRBtn$s8u8Qhxu5hclRRyUiS7qbxTohFs6yuhtIeCiXSTYyvU=", "last_login": "2022-12-04T13:04:10.427Z", "is_superuser": false, "username": "alexxmail", "first_name": "", "last_name": "", "email": "alexxmail@inbox.ru", "is_staff": false, "is_active": true, "date_joined": "2022-12-04T13:04:09.737Z", "groups": [], "user_permissions": []}}, {"model": "auth.user", "pk": 15, "fields": {"password": "pbkdf2_sha256$390000$PViXS8ck873jyjdEUZ3HGZ$8tTCScJKkQO+u8IWyc/azaSvAoUuQJ96TCI1csfShUM=", "last_login": "2022-12-10T20:31:48.133Z", "is_superuser": false, "username": "user_common", "first_name": "", "last_name": "", "email": "common@mail.ru", "is_staff": false, "is_active": true, "date_joined": "2022-12-04T16:12:37Z", "groups": [1, 2], "user_permissions": []}}, {"model": "auth.user", "pk": 45, "fields": {"password": "pbkdf2_sha256$390000$R6eccDdVv17NUShEUvcmDb$maMwwRh0TFMDH153Kszc+ovCpkbhxGGkj6qpB7VreWg=", "last_login": "2022-12-24T18:14:05.856Z", "is_superuser": false, "username": "User_egorov", "first_name": "", "last_name": "", "email": "infernal.mail.egorov@yandex.ru", "is_staff": false, "is_active": true, "date_joined": "2022-12-20T17:21:14.272Z", "groups": [1], "user_permissions": []}}, {"model": "contenttypes.contenttype", "pk": 1, "fields": {"app_label": "admin", "model": "logentry"}}, {"model": "contenttypes.contenttype", "pk": 2, "fields": {"app_label": "auth", "model": "permission"}}, {"model": "contenttypes.contenttype", "pk": 3, "fields": {"app_label": "auth", "model": "group"}}, {"model": "contenttypes.contenttype", "pk": 4, "fields": {"app_label": "auth", "model": "user"}}, {"model": "contenttypes.contenttype", "pk": 5, "fields": {"app_label": "contenttypes", "model": "contenttype"}}, {"model": "contenttypes.contenttype", "pk": 6, "fields": {"app_label": "sessions", "model": "session"}}, {"model": "contenttypes.contenttype", "pk": 7, "fields": {"app_label": "news", "model": "author"}}, {"model": "contenttypes.contenttype", "pk": 8, "fields": {"app_label": "news", "model": "categories"}}, {"model": "contenttypes.contenttype", "pk": 9, "fields": {"app_label": "news", "model": "comments"}}, {"model": "contenttypes.contenttype", "pk": 10, "fields": {"app_label": "news", "model": "post_category"}}, {"model": "contenttypes.contenttype", "pk": 11, "fields": {"app_label": "news", "model": "posts"}}, {"model": "contenttypes.contenttype", "pk": 12, "fields": {"app_label": "news", "model": "authors"}}, {"model": "contenttypes.contenttype", "pk": 13, "fields": {"app_label": "sites", "model": "site"}}, {"model": "contenttypes.contenttype", "pk": 14, "fields": {"app_label": "flatpages", "model": "flatpage"}}, {"model": "contenttypes.contenttype", "pk": 15, "fields": {"app_label": "account", "model": "emailaddress"}}, {"model": "contenttypes.contenttype", "pk": 16, "fields": {"app_label": "account", "model": "emailconfirmation"}}, {"model": "contenttypes.contenttype", "pk": 17, "fields": {"app_label": "socialaccount", "model": "socialaccount"}}, {"model": "contenttypes.contenttype", "pk": 18, "fields": {"app_label": "socialaccount", "model": "socialapp"}}, {"model": "contenttypes.contenttype", "pk": 19, "fields": {"app_label": "socialaccount", "model": "socialtoken"}}, {"model": "contenttypes.contenttype", "pk": 20, "fields": {"app_label": "news", "model": "appointment"}}, {"model": "contenttypes.contenttype", "pk": 21, "fields": {"app_label": "news", "model": "subscribersusers"}}, {"model": "contenttypes.contenttype", "pk": 22, "fields": {"app_label": "django_apscheduler", "model": "djangojob"}}, {"model": "contenttypes.contenttype", "pk": 23, "fields": {"app_label": "django_apscheduler", "model": "djangojobexecution"}}, {"model": "sessions.session", "pk": "6yb4rytmg9nncb5rrfk4nb81nafdcxsx", "fields": {"session_data": ".eJxVjMsOwiAUBf-FtSGUC4W6dO83kPsAqZo2Ke3K-O_apAvdnpk5L5VwW2vaWl7SKOqsBnX63Qj5kacdyB2n26x5ntZlJL0r-qBNX2fJz8vh_h1UbPVbEwI4cgDYG47iCLyNfe8M-MI2Zw5dN5CxzBagBDSeRDAGjiRcENX7A91WOHk:1owQKo:3uba5PvYS7BJlFbB7PHVTA2qyQZrsFWyE-pQYbqmX8o", "expire_date": "2022-12-03T16:04:50.492Z"}}, {"model": "sessions.session", "pk": "8llyshzmxasd68b12h7lh9zf35afsaf9", "fields": {"session_data": ".eJxVjMsOwiAUBf-FtSGUC4W6dO83kPsAqZo2Ke3K-O_apAvdnpk5L5VwW2vaWl7SKOqsBnX63Qj5kacdyB2n26x5ntZlJL0r-qBNX2fJz8vh_h1UbPVbEwI4cgDYG47iCLyNfe8M-MI2Zw5dN5CxzBagBDSeRDAGjiRcENX7A91WOHk:1p4kaN:FDy1POjk3gr-GgTobz4EKgh4EFwKDJJ6g7qoGhvPkyo", "expire_date": "2022-12-26T15:19:19.403Z"}}, {"model": "sessions.session", "pk": "noj8bem1g6w940irv6oc4wmd3thbcf68", "fields": {"session_data": "eyJfc2Vzc2lvbl9leHBpcnkiOjB9:1p4OSK:EJes_jta5ozWfNcSC3AOGEzGnbCTiXkU8YDurD2bnjk", "expire_date": "2022-12-25T15:41:32.916Z"}}, {"model": "sessions.session", "pk": "ora78skwotvoahajjgz9n86guf0ensx2", "fields": {"session_data": ".eJxVjMEOwiAQRP-FsyELBQFv9kea3WUNxIYmlp6M_641Pehx3sy8p5pw62XaVnlMNauLMqBOv5CQ79L2Bud5xxqZl611_d0c9aqvnyStV8ZelzYerz9VwbXsHs-QLQTniG0UZiEKPmcQIwwYUgYbbzESWrEpeDob4JSGgJQouUG93gFwPQA:1p99ey:sII-Q1IR0s6yJeQWJ1v4A-7HwFWfdUOl7ta-LRPdEng", "expire_date": "2023-01-07T18:54:16.881Z"}}, {"model": "sites.site", "pk": 1, "fields": {"domain": "127.0.0.1", "name": "example.com"}}, {"model": "flatpages.flatpage", "pk": 1, "fields": {"url": "/about/", "title": "Hello", "content": "Привет МИР", "enable_comments": false, "template_name": "test.html", "registration_required": false, "sites": [1]}}, {"model": "flatpages.flatpage", "pk": 2, "fields": {"url": "/posts/", "title": "Новости", "content": "Сдесь будет список новостей", "enable_comments": false, "template_name": "posts.html", "registration_required": false, "sites": [1]}}, {"model": "flatpages.flatpage", "pk": 3, "fields": {"url": "/post/", "title": "Новость", "content": "Сдесь будет текст новости", "enable_comments": false, "template_name": "post.html", "registration_required": false, "sites": [1]}}, {"model": "flatpages.flatpage", "pk": 5, "fields": {"url": "/welcome/", "title": "Welcome", "content": "", "enable_comments": false, "template_name": "welcome.html", "registration_required": false, "sites": [1]}}, {"model": "flatpages.flatpage", "pk": 6, "fields": {"url": "/goodbye/", "title": "Goodbye", "content": "", "enable_comments": false, "template_name": "goodbye.html", "registration_required": false, "sites": [1]}}, {"model": "news.authors", "pk": 1, "fields": {"rating": 6, "user": 5}}, {"model": "news.authors", "pk": 2, "fields": {"rating": -5, "user": 6}}, {"model": "news.categories", "pk": 1, "fields": {"cat_name": "Sport"}}, {"model": "news.categories", "pk": 2, "fields": {"cat_name": "IT"}}, {"model": "news.categories", "pk": 3, "fields": {"cat_name": "Animals"}}, {"model": "news.categories", "pk": 4, "fields": {"cat_name": "Lifestyle"}}, {"model": "news.posts", "pk": 4, "fields": {"authors": 1, "post_type": "NE", "date_create": "2022-11-27T16:09:50.994Z", "header": "Утечка — стали известны цены на отборные Core i9-13900KS с частотой 6 ГГц", "body": "Канадский ретейлер PC-Canada рассекретил десять планируемых к выпуску процессоров Intel, которые расширят серию Raptor Lake. Большинство из них являются моделями Core i9, Core i7 и Core i5 без индекса «K» в названии, которые обладают сниженным до 65 Вт номинальным показателем TDP. Однако в списке также присутствует флагманская модель Core i9-13900KS", "rate_post": 0}}, {"model": "news.posts", "pk": 5, "fields": {"authors": 2, "post_type": "AR", "date_create": "2022-11-27T16:11:18.927Z", "header": "В Японии начнут добывать электричество из снега", "body": "В декабре в японском городке Аомори стартуют испытания необычной системы производства электричества. Электроэнергия будет вырабатываться благодаря разнице температур между обычным снегом и окружающим воздухом. Раньше городские службы Аомори сбрасывали собранный на улицах снег в море, тогда как теперь ему нашлось неожиданное применение в качества одного из источников энергии", "rate_post": 0}}, {"model": "news.posts", "pk": 6, "fields": {"authors": 1, "post_type": "NE", "date_create": "2022-11-27T16:12:33.265Z", "header": "Goat Simulator 3 — козапокалипсис сегодня. Рецензия", "body": "Тонкие нарративные изыски, виртуозно сплетённые с игровым процессом и движимые многомерными, тонко прописанными персонажами, и всё это в глубоком и проработанном открытом мире — описание ровно противоположное тому, что вы встретите в Goat Simulator 3. Почему это не так и плохо, читайте в нашей рецензии", "rate_post": 0}}, {"model": "news.posts", "pk": 7, "fields": {"authors": 2, "post_type": "NE", "date_create": "2022-11-27T16:14:05.514Z", "header": "Gamesblender № 598: «горящие» GeForce RTX 4090, игровой движок от VK и первый геймплей Warhammer 40,000: Rogue Trader", "body": "Третий Postal исчез из Steam; отличные продажи новой God of War; NVIDIA ушла из России окончательно, Blizzard делает это потихоньку. Эти и другие новости в нашем еженедельном видеодайджесте Gamesblender, посвященном событиям игровой индустрии. Поехали!", "rate_post": 0}}, {"model": "news.posts", "pk": 8, "fields": {"authors": 1, "post_type": "AR", "date_create": "2022-11-27T16:16:20.658Z", "header": "Mario + Rabbids Sparks of Hope — ушастые спасают галактику. Рецензия", "body": "Первая часть Mario + Rabbids была довольно неожиданным проектом, которому, по большому счёту, не очень нужен был сиквел. Но Ubisoft решила иначе — давайте разберём, насколько хорошим оказалось это решение", "rate_post": 0}}, {"model": "news.posts", "pk": 9, "fields": {"authors": 2, "post_type": "AR", "date_create": "2022-11-27T16:17:21.121Z", "header": "Обзор игрового 4K-монитора Acer Nitro XV282KKV Xbox Edition: возвращение", "body": "С появлением видеокарт нового поколения производители делают ещё большую ставку на игровые 4К/UHD-мониторы, а компания Acer и вовсе решила перезапустить уже знакомый нам монитор из серии Nitro, но теперь на базе последней прошивки, с шильдиком Xbox Edition — и ощутимо сниженной ценой, несмотря на все проблемы с поставками в Россию. Это интересно!", "rate_post": 0}}, {"model": "news.posts", "pk": 10, "fields": {"authors": 1, "post_type": "NE", "date_create": "2022-11-27T16:18:09.323Z", "header": "Зарядка подождёт: 10 способов продлить автономность Android-смартфона", "body": "Для оптимизации энергопотребления мобильного устройства на базе Android не обязательно его «рутовать» и устраивать танцы с бубном. Достаточно подкорректировать некоторые настройки операционной системы. Рассказываем, какие именно", "rate_post": 0}}, {"model": "news.posts", "pk": 11, "fields": {"authors": 2, "post_type": "AR", "date_create": "2022-11-27T16:19:16.078Z", "header": "Обзор HUAWEI Watch D: умные часы, которые умеют мерить артериальное давление", "body": "Умные часы, как правило, похожи одни на другие… как, впрочем, и обычные часы. Функции давно известны, остается только менять дизайн, интерфейс и варьировать детали. Но HUAWEI удается удивить уже несколько раз подряд. То поддержка e-SIM добавится, то возможность снимать ЭКГ. HUAWEI Watch D пошли еще дальше — это часы с полноценным встроенным тонометром!", "rate_post": 0}}, {"model": "news.posts", "pk": 12, "fields": {"authors": 1, "post_type": "NE", "date_create": "2022-11-27T16:20:06.937Z", "header": "Обзор смартфона Honor 70: сочетание несочетаемого", "body": "Не так давно Honor на полном серьезе сражалась за первые места в табели самых популярных смартфонов на российском рынке, но история с санкциями несколько отбросила компанию назад. В прошлом году бренд вернулся уже с Google-сервисами и потихоньку снова набирает обороты. В частности, до нас наконец добрался «номерной» Honor – и это совсем не рядовая модель среднего класса", "rate_post": 0}}, {"model": "news.posts", "pk": 13, "fields": {"authors": 2, "post_type": "AR", "date_create": "2022-11-27T16:20:58.199Z", "header": "Групповое тестирование 52 видеокарт в Call of Duty: Modern Warfare II", "body": "Новая «Колда» — значит, новая графика, новые требования к железу и, разумеется, новое сравнение видеокарт на 3DNews, теперь с участием GeForce RTX 4080 и RTX 4090. А еще Modern Warfare II поддерживает метод апскейлинга XeSS — проверим его в деле на интеловских и «чужих» ускорителях", "rate_post": 0}}, {"model": "news.posts", "pk": 14, "fields": {"authors": 2, "post_type": "NE", "date_create": "2022-11-27T16:21:48.127Z", "header": "Обзор видеокарты NVIDIA GeForce RTX 4080: шаг вперед и два назад", "body": "Видеокарты, занимающие в модельном ряду вторую сверху ступеньку, традиционно отличаются лучшим соотношением возможностей и цены, чем флагманы. И в конечном счете именно они обычно являются локомотивом роста количества игровых FPS на доллар цены. Скажем сразу — к GeForce RTX 4080 это не относится. Тестируем новинку на примере ускорителя Palit GameRock OC", "rate_post": 0}}, {"model": "news.posts", "pk": 15, "fields": {"authors": 2, "post_type": "NE", "date_create": "2022-11-27T16:22:33.820Z", "header": "Somerville — простая история об инопланетном вторжении. Рецензия", "body": "Somerville — игра от одного из создателей Limbo и Inside, с таинственным и любопытным зачином. И надежды на неё были, соответственно, весьма высокие. Оправдались ли они и достойна ли новинка сравнения со знаменитыми платформерами, рассказываем в рецензии", "rate_post": 0}}, {"model": "news.posts", "pk": 16, "fields": {"authors": 1, "post_type": "AR", "date_create": "2022-11-27T16:23:15.581Z", "header": "Gamesblender № 597: запрет игр в РФ, китайские видеокарты, рекорды God of War: Ragnarök и внезапный успех Sonic Frontiers", "body": "Законченная история Джефферсона Пералеса из Cyberpunk 2077; скандальная история с Миком Гордоном и id Software получила продолжение; ещё полчаса геймплея Hogwarts Legacy. Эти и другие новости в нашем еженедельном видеодайджесте Gamesblender, посвященном событиям игровой индустрии. Поехали!", "rate_post": 0}}, {"model": "news.posts", "pk": 17, "fields": {"authors": 1, "post_type": "NE", "date_create": "2022-11-27T16:24:04.007Z", "header": "Ghost Song — песнь тайной планеты. Рецензия", "body": "Прошлый год оказался богат на яркие метроидвании: Ender Lilies, Grime, даже Metroid Dread. После такого буйства жанр, кажется, ушёл на передышку. Хотя небольшие занимательные инди (Infernax или Haiku, the Robot) периодически выходят, Ghost Song — пожалуй, первое большое событие за 2022 год в этой нише", "rate_post": 0}}, {"model": "news.posts", "pk": 18, "fields": {"authors": 2, "post_type": "AR", "date_create": "2022-11-27T16:25:02.513Z", "header": "Базовые принципы нейрокомпьютинга, или Почему параллелизм важнее скорости", "body": "В отличие от классических компьютеров, биологический мозг эволюционно ориентирован на параллельное решение нечётко поставленных задач в условиях заведомой неполноты исходных данных. Возможно ли создать вычислительную систему, способную действовать столь же эффективно, — и если да, то как именно?", "rate_post": 0}}, {"model": "news.posts", "pk": 19, "fields": {"authors": 1, "post_type": "NE", "date_create": "2022-11-27T16:25:46.216Z", "header": "Обзор и тест кулера ID-Cooling SE-224-XTS (Black): новый лидер в бюджетном сегменте", "body": "Четыре тепловые трубки, алюминиевый радиатор, прямой контакт, 120-мм вентилятор – штатный набор для недорогого процессорного кулера. Что нового можно собрать из этих компонентов? За счёт чего можно ещё повысить эффективность и (или) снизить уровень шума? На эти и другие вопросы сегодня отвечает ID-Cooling, у которой все получилось!", "rate_post": 0}}, {"model": "news.posts", "pk": 20, "fields": {"authors": 2, "post_type": "AR", "date_create": "2022-11-27T16:26:29.717Z", "header": "Обзор робота-пылесоса TCL Sweeva 2000: выносливый малый", "body": "Робот-пылесос TCL Sweeva 2000 — это компактная, тихая и довольно выносливая модель умного уборщика мусора", "rate_post": 0}}, {"model": "news.posts", "pk": 21, "fields": {"authors": 1, "post_type": "AR", "date_create": "2022-11-27T16:27:19.356Z", "header": "Обзор смартфона HUAWEI nova 10 SE: средний класс для модных", "body": "Младшие версии флагманских смартфонов или просто серьезных аппаратов верхнего среднего уровня (вроде HUAWEI nova 10 Pro) зачастую оказываются даже интереснее и перспективнее «титульных» смартфонов, перенимая часть их достоинств без обременения повышенной ценой и лишними деталями. Посмотрим, как с этим обстоит дело у HUAWEI nova 10 SE", "rate_post": 0}}, {"model": "news.posts", "pk": 22, "fields": {"authors": 1, "post_type": "AR", "date_create": "2022-11-27T16:28:14.845Z", "header": "Обзор видеокарты Palit GeForce RTX 4090 GameRock OC: хрустальный флагман", "body": "Теперь, когда мы знаем, что собой представляет GeForce RTX 4090 в целом, рассмотрим одну из партнерских версий ускорителя — компании Palit. GameRock OC отличился, пожалуй, самой обильной RGB-подсветкой среди аналогов и очень тихой работой кулера в соответствующем режиме", "rate_post": 0}}, {"model": "news.posts", "pk": 23, "fields": {"authors": 2, "post_type": "NE", "date_create": "2022-11-27T16:28:58.142Z", "header": "The Entropy Centre — наперекор пространству, вопреки времени. Рецензия", "body": "Заброшенный научный комплекс, синтезированный ИИ-голос, применяющий сомнительные мотивирующие техники, и головоломки с расчётом на умелую манипуляцию законами физики. Звучит знакомо? И пусть The Entropy Centre не является прямым продолжением серии Portal, она определённо ощущается её преемницей по духу. Но есть ли у неё что-то своё? Отвечаем в нашей рецензии!", "rate_post": 0}}, {"model": "news.posts", "pk": 24, "fields": {"authors": 1, "post_type": "NE", "date_create": "2022-11-27T16:29:45.135Z", "header": "Gamesblender № 596: новые флагманы AMD, жертвы Electronic Arts и почти готовая Final Fantasy XVI", "body": "Под нож попали сразу две серии Codemasters; сделка Microsoft и Activision Blizzard все-таки может сорваться; скандал с увольнениями создателей Disco Elysium набирает обороты. Эти и другие новости в нашем еженедельном видеодайджесте Gamesblender, посвященном событиям игровой индустрии. Поехали!", "rate_post": 0}}, {"model": "news.posts", "pk": 25, "fields": {"authors": 1, "post_type": "AR", "date_create": "2022-11-27T16:30:30.506Z", "header": "Signalis — в традициях прошлого. Рецензия", "body": "Космос. Заражённая станция на удалённом спутнике. По мрачным коридорам бродят гипертрофированные монстры. Нет, это не ремейк Dead Space, и Callisto Protocol не выпустили раньше обещанного. Студия rose-engine крайне вовремя решила подогреть аудиторию своим ужастиком в стиле ретро про то, что в космосе никто не услышит стон кавайной девочки-андроида", "rate_post": 0}}, {"model": "news.posts", "pk": 26, "fields": {"authors": 2, "post_type": "AR", "date_create": "2022-11-27T16:31:15.444Z", "header": "Обзор смартфона Infinix NOTE 12 2023: самый мощный в своем классе", "body": "Наблюдая, как Inifinix выводит на рынок один смартфон за другим, в пересекающихся классах, а иногда и в пределах одной серии, просто думаешь: а будет ли перерыв? Возможно, будет — когда-нибудь, но не сегодня. Не так давно мы говорили про Infinix NOTE 12, лишь слегка отличавшийся от вышедшего в этом же году Infinix NOTE 11. А теперь обсуждаем уже следующий смартфон серии — Infinix NOTE 12 (2023)", "rate_post": 0}}, {"model": "news.posts", "pk": 27, "fields": {"authors": 1, "post_type": "AR", "date_create": "2022-11-27T16:32:05.822Z", "header": "Обзор ноутбука MSI Stealth GS77 12UHS: тихий «монстр»", "body": "За развитием серии ноутбуков Stealth очень интересно следить. Эти лэптопы всегда выглядят строго и презентабельно — на фоне конкурентов с аналогичными размерами матрицы они выглядят весьма элегантно, но при этом инженерам удается наполнить стройную форму довольно мощным содержанием. Модель GS77 12U не стала исключением", "rate_post": 0}}, {"model": "news.post_category", "pk": 4, "fields": {"posts": 4, "categories": 2}}, {"model": "news.post_category", "pk": 5, "fields": {"posts": 5, "categories": 3}}, {"model": "news.post_category", "pk": 6, "fields": {"posts": 6, "categories": 4}}, {"model": "news.post_category", "pk": 7, "fields": {"posts": 7, "categories": 1}}, {"model": "news.post_category", "pk": 8, "fields": {"posts": 8, "categories": 1}}, {"model": "news.post_category", "pk": 9, "fields": {"posts": 9, "categories": 2}}, {"model": "news.post_category", "pk": 10, "fields": {"posts": 10, "categories": 1}}, {"model": "news.post_category", "pk": 11, "fields": {"posts": 11, "categories": 4}}, {"model": "news.post_category", "pk": 12, "fields": {"posts": 12, "categories": 4}}, {"model": "news.post_category", "pk": 13, "fields": {"posts": 13, "categories": 1}}, {"model": "news.post_category", "pk": 14, "fields": {"posts": 14, "categories": 3}}, {"model": "news.post_category", "pk": 15, "fields": {"posts": 15, "categories": 2}}, {"model": "news.post_category", "pk": 16, "fields": {"posts": 16, "categories": 1}}, {"model": "news.post_category", "pk": 18, "fields": {"posts": 18, "categories": 2}}, {"model": "news.post_category", "pk": 19, "fields": {"posts": 19, "categories": 1}}, {"model": "news.post_category", "pk": 20, "fields": {"posts": 20, "categories": 2}}, {"model": "news.post_category", "pk": 21, "fields": {"posts": 21, "categories": 2}}, {"model": "news.post_category", "pk": 22, "fields": {"posts": 22, "categories": 3}}, {"model": "news.post_category", "pk": 35, "fields": {"posts": 17, "categories": 3}}, {"model": "news.post_category", "pk": 59, "fields": {"posts": 24, "categories": 3}}, {"model": "news.post_category", "pk": 84, "fields": {"posts": 25, "categories": 4}}, {"model": "news.post_category", "pk": 85, "fields": {"posts": 26, "categories": 2}}, {"model": "news.post_category", "pk": 86, "fields": {"posts": 23, "categories": 4}}, {"model": "news.post_category", "pk": 87, "fields": {"posts": 27, "categories": 4}}, {"model": "news.subscribersusers", "pk": 1, "fields": {"id_user": 9, "categories": 2}}, {"model": "news.subscribersusers", "pk": 2, "fields": {"id_user": 9, "categories": 3}}, {"model": "news.subscribersusers", "pk": 3, "fields": {"id_user": 9, "categories": 1}}, {"model": "news.subscribersusers", "pk": 5, "fields": {"id_user": 15, "categories": 3}}, {"model": "news.subscribersusers", "pk": 6, "fields": {"id_user": 15, "categories": 1}}, {"model": "news.subscribersusers", "pk": 7, "fields": {"id_user": 15, "categories": 2}}, {"model": "news.subscribersusers", "pk": 23, "fields": {"id_user": 10, "categories": 2}}, {"model": "news.subscribersusers", "pk": 24, "fields": {"id_user": 10, "categories": 1}}, {"model": "account.emailaddress", "pk": 1, "fields": {"user": 10, "email": "infernal.mail@gmail.com", "verified": true, "primary": true}}, {"model": "account.emailaddress", "pk": 2, "fields": {"user": 11, "email": "alexxmail@inbox.ru", "verified": false, "primary": true}}, {"model": "account.emailaddress", "pk": 33, "fields": {"user": 45, "email": "infernal.mail.egorov@yandex.ru", "verified": true, "primary": true}}, {"model": "socialaccount.socialapp", "pk": 1, "fields": {"provider": "google", "name": "Google", "client_id": "334968368625-fs0rkkjn54lgbptr1gb0traktvuld2bn.apps.googleusercontent.com", "secret": "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", "key": "", "sites": [1]}}, {"model": "socialaccount.socialaccount", "pk": 1, "fields": {"user": 10, "provider": "google", "uid": "112588636641578833942", "last_login": "2022-12-24T18:54:16.624Z", "date_joined": "2022-12-04T12:51:51.961Z", "extra_data": "{\"id\": \"112588636641578833942\", \"email\": \"infernal.mail@gmail.com\", \"verified_email\": true, \"name\": \"Alexx infernal\", \"given_name\": \"Alexx\", \"family_name\": \"infernal\", \"picture\": \"https://lh3.googleusercontent.com/a/AEdFTp5928epZEJol_SenF5GeDTYe9o0pqhynA0mmh19bg=s96-c\", \"locale\": \"ru\"}"}}, {"model": "django_apscheduler.djangojob", "pk": "delete_old_job_executions", "fields": {"next_run_time": "2022-12-19T00:00:00Z", "job_state": "gAWVZwQAAAAAAAB9lCiMB3ZlcnNpb26USwGMAmlklIwZZGVsZXRlX29sZF9qb2JfZXhlY3V0aW9uc5SMBGZ1bmOUjEFuZXdzLm1hbmFnZW1lbnQuY29tbWFuZHMucnVuYXBzY2hlZHVsZXI6ZGVsZXRlX29sZF9qb2JfZXhlY3V0aW9uc5SMB3RyaWdnZXKUjBlhcHNjaGVkdWxlci50cmlnZ2Vycy5jcm9ulIwLQ3JvblRyaWdnZXKUk5QpgZR9lChoAUsCjAh0aW1lem9uZZSMG3B5dHpfZGVwcmVjYXRpb25fc2hpbS5faW1wbJSMCXdyYXBfem9uZZSTlIwIZGF0ZXRpbWWUjAh0aW1lem9uZZSTlGgQjAl0aW1lZGVsdGGUk5RLAEsASwCHlFKUhZRSlIwDVVRDlIaUUpSMCnN0YXJ0X2RhdGWUTowIZW5kX2RhdGWUTowGZmllbGRzlF2UKIwgYXBzY2hlZHVsZXIudHJpZ2dlcnMuY3Jvbi5maWVsZHOUjAlCYXNlRmllbGSUk5QpgZR9lCiMBG5hbWWUjAR5ZWFylIwKaXNfZGVmYXVsdJSIjAtleHByZXNzaW9uc5RdlIwlYXBzY2hlZHVsZXIudHJpZ2dlcnMuY3Jvbi5leHByZXNzaW9uc5SMDUFsbEV4cHJlc3Npb26Uk5QpgZR9lIwEc3RlcJROc2JhdWJoIIwKTW9udGhGaWVsZJSTlCmBlH2UKGgljAVtb250aJRoJ4hoKF2UaCwpgZR9lGgvTnNiYXViaCCMD0RheU9mTW9udGhGaWVsZJSTlCmBlH2UKGgljANkYXmUaCeIaChdlGgsKYGUfZRoL05zYmF1YmggjAlXZWVrRmllbGSUk5QpgZR9lChoJYwEd2Vla5RoJ4hoKF2UaCwpgZR9lGgvTnNiYXViaCCMDkRheU9mV2Vla0ZpZWxklJOUKYGUfZQoaCWMC2RheV9vZl93ZWVrlGgniWgoXZRoKowWV2Vla2RheVJhbmdlRXhwcmVzc2lvbpSTlCmBlH2UKGgvTowFZmlyc3SUSwCMBGxhc3SUSwB1YmF1YmgiKYGUfZQoaCWMBGhvdXKUaCeJaChdlGgqjA9SYW5nZUV4cHJlc3Npb26Uk5QpgZR9lChoL05oUksAaFNLAHViYXViaCIpgZR9lChoJYwGbWludXRllGgniWgoXZRoWSmBlH2UKGgvTmhSSwBoU0sAdWJhdWJoIimBlH2UKGgljAZzZWNvbmSUaCeIaChdlGhZKYGUfZQoaC9OaFJLAGhTSwB1YmF1YmWMBmppdHRlcpROdWKMCGV4ZWN1dG9ylIwHZGVmYXVsdJSMBGFyZ3OUKYwGa3dhcmdzlH2UaCVoA4wSbWlzZmlyZV9ncmFjZV90aW1llEsBjAhjb2FsZXNjZZSIjA1tYXhfaW5zdGFuY2VzlEsBjA1uZXh0X3J1bl90aW1llGgQjAhkYXRldGltZZSTlEMKB+YMEwAAAAAAAJRoG4aUUpR1Lg=="}}, {"model": "django_apscheduler.djangojob", "pk": "my_job", "fields": {"next_run_time": "2022-12-12T17:09:40Z", "job_state": "gAWV5AMAAAAAAAB9lCiMB3ZlcnNpb26USwGMAmlklIwGbXlfam9ilIwEZnVuY5SMLm5ld3MubWFuYWdlbWVudC5jb21tYW5kcy5ydW5hcHNjaGVkdWxlcjpteV9qb2KUjAd0cmlnZ2VylIwZYXBzY2hlZHVsZXIudHJpZ2dlcnMuY3JvbpSMC0Nyb25UcmlnZ2VylJOUKYGUfZQoaAFLAowIdGltZXpvbmWUjBtweXR6X2RlcHJlY2F0aW9uX3NoaW0uX2ltcGyUjAl3cmFwX3pvbmWUk5SMCGRhdGV0aW1llIwIdGltZXpvbmWUk5RoEIwJdGltZWRlbHRhlJOUSwBLAEsAh5RSlIWUUpSMA1VUQ5SGlFKUjApzdGFydF9kYXRllE6MCGVuZF9kYXRllE6MBmZpZWxkc5RdlCiMIGFwc2NoZWR1bGVyLnRyaWdnZXJzLmNyb24uZmllbGRzlIwJQmFzZUZpZWxklJOUKYGUfZQojARuYW1llIwEeWVhcpSMCmlzX2RlZmF1bHSUiIwLZXhwcmVzc2lvbnOUXZSMJWFwc2NoZWR1bGVyLnRyaWdnZXJzLmNyb24uZXhwcmVzc2lvbnOUjA1BbGxFeHByZXNzaW9ulJOUKYGUfZSMBHN0ZXCUTnNiYXViaCCMCk1vbnRoRmllbGSUk5QpgZR9lChoJYwFbW9udGiUaCeIaChdlGgsKYGUfZRoL05zYmF1YmggjA9EYXlPZk1vbnRoRmllbGSUk5QpgZR9lChoJYwDZGF5lGgniGgoXZRoLCmBlH2UaC9Oc2JhdWJoIIwJV2Vla0ZpZWxklJOUKYGUfZQoaCWMBHdlZWuUaCeIaChdlGgsKYGUfZRoL05zYmF1YmggjA5EYXlPZldlZWtGaWVsZJSTlCmBlH2UKGgljAtkYXlfb2Zfd2Vla5RoJ4hoKF2UaCwpgZR9lGgvTnNiYXViaCIpgZR9lChoJYwEaG91cpRoJ4hoKF2UaCwpgZR9lGgvTnNiYXViaCIpgZR9lChoJYwGbWludXRllGgniGgoXZRoLCmBlH2UaC9Oc2JhdWJoIimBlH2UKGgljAZzZWNvbmSUaCeJaChdlGgsKYGUfZRoL0sKc2JhdWJljAZqaXR0ZXKUTnVijAhleGVjdXRvcpSMB2RlZmF1bHSUjARhcmdzlCmMBmt3YXJnc5R9lGglaAOMEm1pc2ZpcmVfZ3JhY2VfdGltZZRLAYwIY29hbGVzY2WUiIwNbWF4X2luc3RhbmNlc5RLAYwNbmV4dF9ydW5fdGltZZRoEIwIZGF0ZXRpbWWUk5RDCgfmDAwRCSgAAACUaBuGlFKUdS4="}}, {"model": "django_apscheduler.djangojobexecution", "pk": 1, "fields": {"job": "my_job", "status": "Executed", "run_time": "2022-12-12T05:01:40Z", "duration": "0.02", "finished": "1670821300.02", "exception": null, "traceback": null}}, {"model": "django_apscheduler.djangojobexecution", "pk": 2, "fields": {"job": "my_job", "status": "Executed", "run_time": "2022-12-12T05:01:50Z", "duration": "0.19", "finished": "1670821310.19", "exception": null, "traceback": null}}, {"model": "django_apscheduler.djangojobexecution", "pk": 3, "fields": {"job": "my_job", "status": "Executed", "run_time": "2022-12-12T05:02:00Z", "duration": "0.21", "finished": "1670821320.21", "exception": null, "traceback": null}}, {"model": "django_apscheduler.djangojobexecution", "pk": 4, "fields": {"job": "my_job", "status": "Executed", "run_time": "2022-12-12T05:02:10Z", "duration": "0.21", "finished": "1670821330.21", "exception": null, "traceback": null}}, {"model": "django_apscheduler.djangojobexecution", "pk": 5, "fields": {"job": "my_job", "status": "Executed", "run_time": "2022-12-12T05:02:20Z", "duration": "0.22", "finished": "1670821340.22", "exception": null, "traceback": null}}, {"model": "django_apscheduler.djangojobexecution", "pk": 6, "fields": {"job": "my_job", "status": "Executed", "run_time": "2022-12-12T05:02:30Z", "duration": "0.22", "finished": "1670821350.22", "exception": null, "traceback": null}}, {"model": "django_apscheduler.djangojobexecution", "pk": 7, "fields": {"job": "my_job", "status": "Executed", "run_time": "2022-12-12T05:02:40Z", "duration": "0.19", "finished": "1670821360.19", "exception": null, "traceback": null}}, {"model": "django_apscheduler.djangojobexecution", "pk": 8, "fields": {"job": "my_job", "status": "Executed", "run_time": "2022-12-12T05:02:50Z", "duration": "0.20", "finished": "1670821370.20", "exception": null, "traceback": null}}, {"model": "django_apscheduler.djangojobexecution", "pk": 9, "fields": {"job": "my_job", "status": "Executed", "run_time": "2022-12-12T05:03:00Z", "duration": "0.19", "finished": "1670821380.19", "exception": null, "traceback": null}}, {"model": "django_apscheduler.djangojobexecution", "pk": 10, "fields": {"job": "my_job", "status": "Executed", "run_time": "2022-12-12T05:03:10Z", "duration": "0.22", "finished": "1670821390.22", "exception": null, "traceback": null}}, {"model": "django_apscheduler.djangojobexecution", "pk": 11, "fields": {"job": "my_job", "status": "Executed", "run_time": "2022-12-12T05:03:20Z", "duration": "0.20", "finished": "1670821400.20", "exception": null, "traceback": null}}, {"model": "django_apscheduler.djangojobexecution", "pk": 12, "fields": {"job": "my_job", "status": "Executed", "run_time": "2022-12-12T05:03:30Z", "duration": "0.21", "finished": "1670821410.21", "exception": null, "traceback": null}}, {"model": "django_apscheduler.djangojobexecution", "pk": 13, "fields": {"job": "my_job", "status": "Executed", "run_time": "2022-12-12T05:03:40Z", "duration": "0.20", "finished": "1670821420.20", "exception": null, "traceback": null}}, {"model": "django_apscheduler.djangojobexecution", "pk": 14, "fields": {"job": "my_job", "status": "Executed", "run_time": "2022-12-12T16:01:00Z", "duration": "0.00", "finished": "1670860860.00", "exception": null, "traceback": null}}, {"model": "django_apscheduler.djangojobexecution", "pk": 15, "fields": {"job": "my_job", "status": "Executed", "run_time": "2022-12-12T16:01:10Z", "duration": "0.18", "finished": "1670860870.18", "exception": null, "traceback": null}}, {"model": "django_apscheduler.djangojobexecution", "pk": 16, "fields": {"job": "my_job", "status": "Executed", "run_time": "2022-12-12T16:01:20Z", "duration": "0.61", "finished": "1670860880.61", "exception": null, "traceback": null}}, {"model": "django_apscheduler.djangojobexecution", "pk": 17, "fields": {"job": "my_job", "status": "Executed", "run_time": "2022-12-12T16:03:30Z", "duration": "0.01", "finished": "1670861010.01", "exception": null, "traceback": null}}, {"model": "django_apscheduler.djangojobexecution", "pk": 18, "fields": {"job": "my_job", "status": "Executed", "run_time": "2022-12-12T16:03:40Z", "duration": "0.20", "finished": "1670861020.20", "exception": null, "traceback": null}}, {"model": "django_apscheduler.djangojobexecution", "pk": 19, "fields": {"job": "my_job", "status": "Executed", "run_time": "2022-12-12T16:07:50Z", "duration": "0.01", "finished": "1670861270.01", "exception": null, "traceback": null}}, {"model": "django_apscheduler.djangojobexecution", "pk": 20, "fields": {"job": "my_job", "status": "Executed", "run_time": "2022-12-12T16:08:00Z", "duration": "0.14", "finished": "1670861280.14", "exception": null, "traceback": null}}, {"model": "django_apscheduler.djangojobexecution", "pk": 21, "fields": {"job": "my_job", "status": "Error!", "run_time": "2022-12-12T16:56:00Z", "duration": "0.24", "finished": "1670864160.24", "exception": "Cannot resolve keyword 'date' into field. Choices are: authors, authors_id, body, comments, date_create, header, id, name_category, post_category, post_type, rate_post", "traceback": "  File \"/home/user/SkillFactory/PyProjects/News_Portal/venv/lib/python3.10/site-packages/apscheduler/executors/base.py\", line 125, in run_job\n    retval = job.func(*job.args, **job.kwargs)\n  File \"/home/user/SkillFactory/PyProjects/News_Portal/News_Paper/news/management/commands/runapscheduler.py\", line 26, in my_job\n    last_posts = Posts.objects.filter(date__gte = week)\n  File \"/home/user/SkillFactory/PyProjects/News_Portal/venv/lib/python3.10/site-packages/django/db/models/manager.py\", line 85, in manager_method\n    return getattr(self.get_queryset(), name)(*args, **kwargs)\n  File \"/home/user/SkillFactory/PyProjects/News_Portal/venv/lib/python3.10/site-packages/django/db/models/query.py\", line 1420, in filter\n    return self._filter_or_exclude(False, args, kwargs)\n  File \"/home/user/SkillFactory/PyProjects/News_Portal/venv/lib/python3.10/site-packages/django/db/models/query.py\", line 1438, in _filter_or_exclude\n    clone._filter_or_exclude_inplace(negate, args, kwargs)\n  File \"/home/user/SkillFactory/PyProjects/News_Portal/venv/lib/python3.10/site-packages/django/db/models/query.py\", line 1445, in _filter_or_exclude_inplace\n    self._query.add_q(Q(*args, **kwargs))\n  File \"/home/user/SkillFactory/PyProjects/News_Portal/venv/lib/python3.10/site-packages/django/db/models/sql/query.py\", line 1532, in add_q\n    clause, _ = self._add_q(q_object, self.used_aliases)\n  File \"/home/user/SkillFactory/PyProjects/News_Portal/venv/lib/python3.10/site-packages/django/db/models/sql/query.py\", line 1562, in _add_q\n    child_clause, needed_inner = self.build_filter(\n  File \"/home/user/SkillFactory/PyProjects/News_Portal/venv/lib/python3.10/site-packages/django/db/models/sql/query.py\", line 1407, in build_filter\n    lookups, parts, reffed_expression = self.solve_lookup_type(arg)\n  File \"/home/user/SkillFactory/PyProjects/News_Portal/venv/lib/python3.10/site-packages/django/db/models/sql/query.py\", line 1217, in solve_lookup_type\n    _, field, _, lookup_parts = self.names_to_path(lookup_splitted, self.get_meta())\n  File \"/home/user/SkillFactory/PyProjects/News_Portal/venv/lib/python3.10/site-packages/django/db/models/sql/query.py\", line 1709, in names_to_path\n    raise FieldError(\n"}}, {"model": "django_apscheduler.djangojobexecution", "pk": 22, "fields": {"job": "my_job", "status": "Error!", "run_time": "2022-12-12T16:56:10Z", "duration": "0.35", "finished": "1670864170.35", "exception": "Cannot resolve keyword 'date' into field. Choices are: authors, authors_id, body, comments, date_create, header, id, name_category, post_category, post_type, rate_post", "traceback": "  File \"/home/user/SkillFactory/PyProjects/News_Portal/venv/lib/python3.10/site-packages/apscheduler/executors/base.py\", line 125, in run_job\n    retval = job.func(*job.args, **job.kwargs)\n  File \"/home/user/SkillFactory/PyProjects/News_Portal/News_Paper/news/management/commands/runapscheduler.py\", line 26, in my_job\n    last_posts = Posts.objects.filter(date__gte = week)\n  File \"/home/user/SkillFactory/PyProjects/News_Portal/venv/lib/python3.10/site-packages/django/db/models/manager.py\", line 85, in manager_method\n    return getattr(self.get_queryset(), name)(*args, **kwargs)\n  File \"/home/user/SkillFactory/PyProjects/News_Portal/venv/lib/python3.10/site-packages/django/db/models/query.py\", line 1420, in filter\n    return self._filter_or_exclude(False, args, kwargs)\n  File \"/home/user/SkillFactory/PyProjects/News_Portal/venv/lib/python3.10/site-packages/django/db/models/query.py\", line 1438, in _filter_or_exclude\n    clone._filter_or_exclude_inplace(negate, args, kwargs)\n  File \"/home/user/SkillFactory/PyProjects/News_Portal/venv/lib/python3.10/site-packages/django/db/models/query.py\", line 1445, in _filter_or_exclude_inplace\n    self._query.add_q(Q(*args, **kwargs))\n  File \"/home/user/SkillFactory/PyProjects/News_Portal/venv/lib/python3.10/site-packages/django/db/models/sql/query.py\", line 1532, in add_q\n    clause, _ = self._add_q(q_object, self.used_aliases)\n  File \"/home/user/SkillFactory/PyProjects/News_Portal/venv/lib/python3.10/site-packages/django/db/models/sql/query.py\", line 1562, in _add_q\n    child_clause, needed_inner = self.build_filter(\n  File \"/home/user/SkillFactory/PyProjects/News_Portal/venv/lib/python3.10/site-packages/django/db/models/sql/query.py\", line 1407, in build_filter\n    lookups, parts, reffed_expression = self.solve_lookup_type(arg)\n  File \"/home/user/SkillFactory/PyProjects/News_Portal/venv/lib/python3.10/site-packages/django/db/models/sql/query.py\", line 1217, in solve_lookup_type\n    _, field, _, lookup_parts = self.names_to_path(lookup_splitted, self.get_meta())\n  File \"/home/user/SkillFactory/PyProjects/News_Portal/venv/lib/python3.10/site-packages/django/db/models/sql/query.py\", line 1709, in names_to_path\n    raise FieldError(\n"}}, {"model": "django_apscheduler.djangojobexecution", "pk": 23, "fields": {"job": "my_job", "status": "Error!", "run_time": "2022-12-12T16:56:20Z", "duration": "0.14", "finished": "1670864180.14", "exception": "Cannot resolve keyword 'date' into field. Choices are: authors, authors_id, body, comments, date_create, header, id, name_category, post_category, post_type, rate_post", "traceback": "  File \"/home/user/SkillFactory/PyProjects/News_Portal/venv/lib/python3.10/site-packages/apscheduler/executors/base.py\", line 125, in run_job\n    retval = job.func(*job.args, **job.kwargs)\n  File \"/home/user/SkillFactory/PyProjects/News_Portal/News_Paper/news/management/commands/runapscheduler.py\", line 26, in my_job\n    last_posts = Posts.objects.filter(date__gte = week)\n  File \"/home/user/SkillFactory/PyProjects/News_Portal/venv/lib/python3.10/site-packages/django/db/models/manager.py\", line 85, in manager_method\n    return getattr(self.get_queryset(), name)(*args, **kwargs)\n  File \"/home/user/SkillFactory/PyProjects/News_Portal/venv/lib/python3.10/site-packages/django/db/models/query.py\", line 1420, in filter\n    return self._filter_or_exclude(False, args, kwargs)\n  File \"/home/user/SkillFactory/PyProjects/News_Portal/venv/lib/python3.10/site-packages/django/db/models/query.py\", line 1438, in _filter_or_exclude\n    clone._filter_or_exclude_inplace(negate, args, kwargs)\n  File \"/home/user/SkillFactory/PyProjects/News_Portal/venv/lib/python3.10/site-packages/django/db/models/query.py\", line 1445, in _filter_or_exclude_inplace\n    self._query.add_q(Q(*args, **kwargs))\n  File \"/home/user/SkillFactory/PyProjects/News_Portal/venv/lib/python3.10/site-packages/django/db/models/sql/query.py\", line 1532, in add_q\n    clause, _ = self._add_q(q_object, self.used_aliases)\n  File \"/home/user/SkillFactory/PyProjects/News_Portal/venv/lib/python3.10/site-packages/django/db/models/sql/query.py\", line 1562, in _add_q\n    child_clause, needed_inner = self.build_filter(\n  File \"/home/user/SkillFactory/PyProjects/News_Portal/venv/lib/python3.10/site-packages/django/db/models/sql/query.py\", line 1407, in build_filter\n    lookups, parts, reffed_expression = self.solve_lookup_type(arg)\n  File \"/home/user/SkillFactory/PyProjects/News_Portal/venv/lib/python3.10/site-packages/django/db/models/sql/query.py\", line 1217, in solve_lookup_type\n    _, field, _, lookup_parts = self.names_to_path(lookup_splitted, self.get_meta())\n  File \"/home/user/SkillFactory/PyProjects/News_Portal/venv/lib/python3.10/site-packages/django/db/models/sql/query.py\", line 1709, in names_to_path\n    raise FieldError(\n"}}, {"model": "django_apscheduler.djangojobexecution", "pk": 24, "fields": {"job": "my_job", "status": "Error!", "run_time": "2022-12-12T16:59:30Z", "duration": "0.03", "finished": "1670864370.03", "exception": "Cannot resolve keyword 'categories' into field. Choices are: authors, authors_id, body, comments, date_create, header, id, name_category, post_category, post_type, rate_post", "traceback": "  File \"/home/user/SkillFactory/PyProjects/News_Portal/venv/lib/python3.10/site-packages/apscheduler/executors/base.py\", line 125, in run_job\n    retval = job.func(*job.args, **job.kwargs)\n  File \"/home/user/SkillFactory/PyProjects/News_Portal/News_Paper/news/management/commands/runapscheduler.py\", line 27, in my_job\n    last_categories = set(last_posts.values_list('categories__name', flat = True))\n  File \"/home/user/SkillFactory/PyProjects/News_Portal/venv/lib/python3.10/site-packages/django/db/models/query.py\", line 1329, in values_list\n    clone = self._values(*_fields, **expressions)\n  File \"/home/user/SkillFactory/PyProjects/News_Portal/venv/lib/python3.10/site-packages/django/db/models/query.py\", line 1292, in _values\n    clone.query.set_values(fields)\n  File \"/home/user/SkillFactory/PyProjects/News_Portal/venv/lib/python3.10/site-packages/django/db/models/sql/query.py\", line 2437, in set_values\n    self.add_fields(field_names, True)\n  File \"/home/user/SkillFactory/PyProjects/News_Portal/venv/lib/python3.10/site-packages/django/db/models/sql/query.py\", line 2142, in add_fields\n    join_info = self.setup_joins(\n  File \"/home/user/SkillFactory/PyProjects/News_Portal/venv/lib/python3.10/site-packages/django/db/models/sql/query.py\", line 1808, in setup_joins\n    path, final_field, targets, rest = self.names_to_path(\n  File \"/home/user/SkillFactory/PyProjects/News_Portal/venv/lib/python3.10/site-packages/django/db/models/sql/query.py\", line 1709, in names_to_path\n    raise FieldError(\n"}}, {"model": "django_apscheduler.djangojobexecution", "pk": 25, "fields": {"job": "my_job", "status": "Error!", "run_time": "2022-12-12T16:59:40Z", "duration": "0.19", "finished": "1670864380.19", "exception": "Cannot resolve keyword 'categories' into field. Choices are: authors, authors_id, body, comments, date_create, header, id, name_category, post_category, post_type, rate_post", "traceback": "  File \"/home/user/SkillFactory/PyProjects/News_Portal/venv/lib/python3.10/site-packages/apscheduler/executors/base.py\", line 125, in run_job\n    retval = job.func(*job.args, **job.kwargs)\n  File \"/home/user/SkillFactory/PyProjects/News_Portal/News_Paper/news/management/commands/runapscheduler.py\", line 27, in my_job\n    last_categories = set(last_posts.values_list('categories__name', flat = True))\n  File \"/home/user/SkillFactory/PyProjects/News_Portal/venv/lib/python3.10/site-packages/django/db/models/query.py\", line 1329, in values_list\n    clone = self._values(*_fields, **expressions)\n  File \"/home/user/SkillFactory/PyProjects/News_Portal/venv/lib/python3.10/site-packages/django/db/models/query.py\", line 1292, in _values\n    clone.query.set_values(fields)\n  File \"/home/user/SkillFactory/PyProjects/News_Portal/venv/lib/python3.10/site-packages/django/db/models/sql/query.py\", line 2437, in set_values\n    self.add_fields(field_names, True)\n  File \"/home/user/SkillFactory/PyProjects/News_Portal/venv/lib/python3.10/site-packages/django/db/models/sql/query.py\", line 2142, in add_fields\n    join_info = self.setup_joins(\n  File \"/home/user/SkillFactory/PyProjects/News_Portal/venv/lib/python3.10/site-packages/django/db/models/sql/query.py\", line 1808, in setup_joins\n    path, final_field, targets, rest = self.names_to_path(\n  File \"/home/user/SkillFactory/PyProjects/News_Portal/venv/lib/python3.10/site-packages/django/db/models/sql/query.py\", line 1709, in names_to_path\n    raise FieldError(\n"}}, {"model": "django_apscheduler.djangojobexecution", "pk": 26, "fields": {"job": "my_job", "status": "Error!", "run_time": "2022-12-12T16:59:50Z", "duration": "0.15", "finished": "1670864390.15", "exception": "Cannot resolve keyword 'categories' into field. Choices are: authors, authors_id, body, comments, date_create, header, id, name_category, post_category, post_type, rate_post", "traceback": "  File \"/home/user/SkillFactory/PyProjects/News_Portal/venv/lib/python3.10/site-packages/apscheduler/executors/base.py\", line 125, in run_job\n    retval = job.func(*job.args, **job.kwargs)\n  File \"/home/user/SkillFactory/PyProjects/News_Portal/News_Paper/news/management/commands/runapscheduler.py\", line 27, in my_job\n    last_categories = set(last_posts.values_list('categories__name', flat = True))\n  File \"/home/user/SkillFactory/PyProjects/News_Portal/venv/lib/python3.10/site-packages/django/db/models/query.py\", line 1329, in values_list\n    clone = self._values(*_fields, **expressions)\n  File \"/home/user/SkillFactory/PyProjects/News_Portal/venv/lib/python3.10/site-packages/django/db/models/query.py\", line 1292, in _values\n    clone.query.set_values(fields)\n  File \"/home/user/SkillFactory/PyProjects/News_Portal/venv/lib/python3.10/site-packages/django/db/models/sql/query.py\", line 2437, in set_values\n    self.add_fields(field_names, True)\n  File \"/home/user/SkillFactory/PyProjects/News_Portal/venv/lib/python3.10/site-packages/django/db/models/sql/query.py\", line 2142, in add_fields\n    join_info = self.setup_joins(\n  File \"/home/user/SkillFactory/PyProjects/News_Portal/venv/lib/python3.10/site-packages/django/db/models/sql/query.py\", line 1808, in setup_joins\n    path, final_field, targets, rest = self.names_to_path(\n  File \"/home/user/SkillFactory/PyProjects/News_Portal/venv/lib/python3.10/site-packages/django/db/models/sql/query.py\", line 1709, in names_to_path\n    raise FieldError(\n"}}, {"model": "django_apscheduler.djangojobexecution", "pk": 27, "fields": {"job": "my_job", "status": "Error!", "run_time": "2022-12-12T17:01:30Z", "duration": "0.01", "finished": "1670864490.01", "exception": "Cannot resolve keyword 'name' into field. Choices are: cat_name, id, post_category, posts, sub_user, subscribersusers", "traceback": "  File \"/home/user/SkillFactory/PyProjects/News_Portal/venv/lib/python3.10/site-packages/apscheduler/executors/base.py\", line 125, in run_job\n    retval = job.func(*job.args, **job.kwargs)\n  File \"/home/user/SkillFactory/PyProjects/News_Portal/News_Paper/news/management/commands/runapscheduler.py\", line 27, in my_job\n    last_categories = set(last_posts.values_list('name_category__name', flat = True))\n  File \"/home/user/SkillFactory/PyProjects/News_Portal/venv/lib/python3.10/site-packages/django/db/models/query.py\", line 1329, in values_list\n    clone = self._values(*_fields, **expressions)\n  File \"/home/user/SkillFactory/PyProjects/News_Portal/venv/lib/python3.10/site-packages/django/db/models/query.py\", line 1292, in _values\n    clone.query.set_values(fields)\n  File \"/home/user/SkillFactory/PyProjects/News_Portal/venv/lib/python3.10/site-packages/django/db/models/sql/query.py\", line 2437, in set_values\n    self.add_fields(field_names, True)\n  File \"/home/user/SkillFactory/PyProjects/News_Portal/venv/lib/python3.10/site-packages/django/db/models/sql/query.py\", line 2151, in add_fields\n    cols.append(join_info.transform_function(target, final_alias))\n  File \"/home/user/SkillFactory/PyProjects/News_Portal/venv/lib/python3.10/site-packages/django/db/models/sql/query.py\", line 1835, in transform\n    raise last_field_exception\n  File \"/home/user/SkillFactory/PyProjects/News_Portal/venv/lib/python3.10/site-packages/django/db/models/sql/query.py\", line 1808, in setup_joins\n    path, final_field, targets, rest = self.names_to_path(\n  File \"/home/user/SkillFactory/PyProjects/News_Portal/venv/lib/python3.10/site-packages/django/db/models/sql/query.py\", line 1709, in names_to_path\n    raise FieldError(\n"}}, {"model": "django_apscheduler.djangojobexecution", "pk": 28, "fields": {"job": "my_job", "status": "Error!", "run_time": "2022-12-12T17:01:40Z", "duration": "0.27", "finished": "1670864500.27", "exception": "Cannot resolve keyword 'name' into field. Choices are: cat_name, id, post_category, posts, sub_user, subscribersusers", "traceback": "  File \"/home/user/SkillFactory/PyProjects/News_Portal/venv/lib/python3.10/site-packages/apscheduler/executors/base.py\", line 125, in run_job\n    retval = job.func(*job.args, **job.kwargs)\n  File \"/home/user/SkillFactory/PyProjects/News_Portal/News_Paper/news/management/commands/runapscheduler.py\", line 27, in my_job\n    last_categories = set(last_posts.values_list('name_category__name', flat = True))\n  File \"/home/user/SkillFactory/PyProjects/News_Portal/venv/lib/python3.10/site-packages/django/db/models/query.py\", line 1329, in values_list\n    clone = self._values(*_fields, **expressions)\n  File \"/home/user/SkillFactory/PyProjects/News_Portal/venv/lib/python3.10/site-packages/django/db/models/query.py\", line 1292, in _values\n    clone.query.set_values(fields)\n  File \"/home/user/SkillFactory/PyProjects/News_Portal/venv/lib/python3.10/site-packages/django/db/models/sql/query.py\", line 2437, in set_values\n    self.add_fields(field_names, True)\n  File \"/home/user/SkillFactory/PyProjects/News_Portal/venv/lib/python3.10/site-packages/django/db/models/sql/query.py\", line 2151, in add_fields\n    cols.append(join_info.transform_function(target, final_alias))\n  File \"/home/user/SkillFactory/PyProjects/News_Portal/venv/lib/python3.10/site-packages/django/db/models/sql/query.py\", line 1835, in transform\n    raise last_field_exception\n  File \"/home/user/SkillFactory/PyProjects/News_Portal/venv/lib/python3.10/site-packages/django/db/models/sql/query.py\", line 1808, in setup_joins\n    path, final_field, targets, rest = self.names_to_path(\n  File \"/home/user/SkillFactory/PyProjects/News_Portal/venv/lib/python3.10/site-packages/django/db/models/sql/query.py\", line 1709, in names_to_path\n    raise FieldError(\n"}}, {"model": "django_apscheduler.djangojobexecution", "pk": 29, "fields": {"job": "my_job", "status": "Error!", "run_time": "2022-12-12T17:02:50Z", "duration": "0.01", "finished": "1670864570.01", "exception": "Cannot resolve keyword 'name' into field. Choices are: cat_name, id, post_category, posts, sub_user, subscribersusers", "traceback": "  File \"/home/user/SkillFactory/PyProjects/News_Portal/venv/lib/python3.10/site-packages/apscheduler/executors/base.py\", line 125, in run_job\n    retval = job.func(*job.args, **job.kwargs)\n  File \"/home/user/SkillFactory/PyProjects/News_Portal/News_Paper/news/management/commands/runapscheduler.py\", line 27, in my_job\n    last_categories = set(last_posts.values_list('name_category__name', flat = True))\n  File \"/home/user/SkillFactory/PyProjects/News_Portal/venv/lib/python3.10/site-packages/django/db/models/query.py\", line 1329, in values_list\n    clone = self._values(*_fields, **expressions)\n  File \"/home/user/SkillFactory/PyProjects/News_Portal/venv/lib/python3.10/site-packages/django/db/models/query.py\", line 1292, in _values\n    clone.query.set_values(fields)\n  File \"/home/user/SkillFactory/PyProjects/News_Portal/venv/lib/python3.10/site-packages/django/db/models/sql/query.py\", line 2437, in set_values\n    self.add_fields(field_names, True)\n  File \"/home/user/SkillFactory/PyProjects/News_Portal/venv/lib/python3.10/site-packages/django/db/models/sql/query.py\", line 2151, in add_fields\n    cols.append(join_info.transform_function(target, final_alias))\n  File \"/home/user/SkillFactory/PyProjects/News_Portal/venv/lib/python3.10/site-packages/django/db/models/sql/query.py\", line 1835, in transform\n    raise last_field_exception\n  File \"/home/user/SkillFactory/PyProjects/News_Portal/venv/lib/python3.10/site-packages/django/db/models/sql/query.py\", line 1808, in setup_joins\n    path, final_field, targets, rest = self.names_to_path(\n  File \"/home/user/SkillFactory/PyProjects/News_Portal/venv/lib/python3.10/site-packages/django/db/models/sql/query.py\", line 1709, in names_to_path\n    raise FieldError(\n"}}, {"model": "django_apscheduler.djangojobexecution", "pk": 30, "fields": {"job": "my_job", "status": "Error!", "run_time": "2022-12-12T17:03:00Z", "duration": "0.18", "finished": "1670864580.18", "exception": "Cannot resolve keyword 'name' into field. Choices are: cat_name, id, post_category, posts, sub_user, subscribersusers", "traceback": "  File \"/home/user/SkillFactory/PyProjects/News_Portal/venv/lib/python3.10/site-packages/apscheduler/executors/base.py\", line 125, in run_job\n    retval = job.func(*job.args, **job.kwargs)\n  File \"/home/user/SkillFactory/PyProjects/News_Portal/News_Paper/news/management/commands/runapscheduler.py\", line 27, in my_job\n    last_categories = set(last_posts.values_list('name_category__name', flat = True))\n  File \"/home/user/SkillFactory/PyProjects/News_Portal/venv/lib/python3.10/site-packages/django/db/models/query.py\", line 1329, in values_list\n    clone = self._values(*_fields, **expressions)\n  File \"/home/user/SkillFactory/PyProjects/News_Portal/venv/lib/python3.10/site-packages/django/db/models/query.py\", line 1292, in _values\n    clone.query.set_values(fields)\n  File \"/home/user/SkillFactory/PyProjects/News_Portal/venv/lib/python3.10/site-packages/django/db/models/sql/query.py\", line 2437, in set_values\n    self.add_fields(field_names, True)\n  File \"/home/user/SkillFactory/PyProjects/News_Portal/venv/lib/python3.10/site-packages/django/db/models/sql/query.py\", line 2151, in add_fields\n    cols.append(join_info.transform_function(target, final_alias))\n  File \"/home/user/SkillFactory/PyProjects/News_Portal/venv/lib/python3.10/site-packages/django/db/models/sql/query.py\", line 1835, in transform\n    raise last_field_exception\n  File \"/home/user/SkillFactory/PyProjects/News_Portal/venv/lib/python3.10/site-packages/django/db/models/sql/query.py\", line 1808, in setup_joins\n    path, final_field, targets, rest = self.names_to_path(\n  File \"/home/user/SkillFactory/PyProjects/News_Portal/venv/lib/python3.10/site-packages/django/db/models/sql/query.py\", line 1709, in names_to_path\n    raise FieldError(\n"}}, {"model": "django_apscheduler.djangojobexecution", "pk": 31, "fields": {"job": "my_job", "status": "Error!", "run_time": "2022-12-12T17:03:10Z", "duration": "0.19", "finished": "1670864590.19", "exception": "Cannot resolve keyword 'name' into field. Choices are: cat_name, id, post_category, posts, sub_user, subscribersusers", "traceback": "  File \"/home/user/SkillFactory/PyProjects/News_Portal/venv/lib/python3.10/site-packages/apscheduler/executors/base.py\", line 125, in run_job\n    retval = job.func(*job.args, **job.kwargs)\n  File \"/home/user/SkillFactory/PyProjects/News_Portal/News_Paper/news/management/commands/runapscheduler.py\", line 27, in my_job\n    last_categories = set(last_posts.values_list('name_category__name', flat = True))\n  File \"/home/user/SkillFactory/PyProjects/News_Portal/venv/lib/python3.10/site-packages/django/db/models/query.py\", line 1329, in values_list\n    clone = self._values(*_fields, **expressions)\n  File \"/home/user/SkillFactory/PyProjects/News_Portal/venv/lib/python3.10/site-packages/django/db/models/query.py\", line 1292, in _values\n    clone.query.set_values(fields)\n  File \"/home/user/SkillFactory/PyProjects/News_Portal/venv/lib/python3.10/site-packages/django/db/models/sql/query.py\", line 2437, in set_values\n    self.add_fields(field_names, True)\n  File \"/home/user/SkillFactory/PyProjects/News_Portal/venv/lib/python3.10/site-packages/django/db/models/sql/query.py\", line 2151, in add_fields\n    cols.append(join_info.transform_function(target, final_alias))\n  File \"/home/user/SkillFactory/PyProjects/News_Portal/venv/lib/python3.10/site-packages/django/db/models/sql/query.py\", line 1835, in transform\n    raise last_field_exception\n  File \"/home/user/SkillFactory/PyProjects/News_Portal/venv/lib/python3.10/site-packages/django/db/models/sql/query.py\", line 1808, in setup_joins\n    path, final_field, targets, rest = self.names_to_path(\n  File \"/home/user/SkillFactory/PyProjects/News_Portal/venv/lib/python3.10/site-packages/django/db/models/sql/query.py\", line 1709, in names_to_path\n    raise FieldError(\n"}}, {"model": "django_apscheduler.djangojobexecution", "pk": 32, "fields": {"job": "my_job", "status": "Error!", "run_time": "2022-12-12T17:04:10Z", "duration": "0.34", "finished": "1670864650.34", "exception": "Cannot resolve keyword 'name' into field. Choices are: cat_name, id, post_category, posts, sub_user, subscribersusers", "traceback": "  File \"/home/user/SkillFactory/PyProjects/News_Portal/venv/lib/python3.10/site-packages/apscheduler/executors/base.py\", line 125, in run_job\n    retval = job.func(*job.args, **job.kwargs)\n  File \"/home/user/SkillFactory/PyProjects/News_Portal/News_Paper/news/management/commands/runapscheduler.py\", line 28, in my_job\n    last_subscribers = set(Categories.objects.filter(name__in = last_categories).values_list('subscribers__email', flat = True))\n  File \"/home/user/SkillFactory/PyProjects/News_Portal/venv/lib/python3.10/site-packages/django/db/models/manager.py\", line 85, in manager_method\n    return getattr(self.get_queryset(), name)(*args, **kwargs)\n  File \"/home/user/SkillFactory/PyProjects/News_Portal/venv/lib/python3.10/site-packages/django/db/models/query.py\", line 1420, in filter\n    return self._filter_or_exclude(False, args, kwargs)\n  File \"/home/user/SkillFactory/PyProjects/News_Portal/venv/lib/python3.10/site-packages/django/db/models/query.py\", line 1438, in _filter_or_exclude\n    clone._filter_or_exclude_inplace(negate, args, kwargs)\n  File \"/home/user/SkillFactory/PyProjects/News_Portal/venv/lib/python3.10/site-packages/django/db/models/query.py\", line 1445, in _filter_or_exclude_inplace\n    self._query.add_q(Q(*args, **kwargs))\n  File \"/home/user/SkillFactory/PyProjects/News_Portal/venv/lib/python3.10/site-packages/django/db/models/sql/query.py\", line 1532, in add_q\n    clause, _ = self._add_q(q_object, self.used_aliases)\n  File \"/home/user/SkillFactory/PyProjects/News_Portal/venv/lib/python3.10/site-packages/django/db/models/sql/query.py\", line 1562, in _add_q\n    child_clause, needed_inner = self.build_filter(\n  File \"/home/user/SkillFactory/PyProjects/News_Portal/venv/lib/python3.10/site-packages/django/db/models/sql/query.py\", line 1407, in build_filter\n    lookups, parts, reffed_expression = self.solve_lookup_type(arg)\n  File \"/home/user/SkillFactory/PyProjects/News_Portal/venv/lib/python3.10/site-packages/django/db/models/sql/query.py\", line 1217, in solve_lookup_type\n    _, field, _, lookup_parts = self.names_to_path(lookup_splitted, self.get_meta())\n  File \"/home/user/SkillFactory/PyProjects/News_Portal/venv/lib/python3.10/site-packages/django/db/models/sql/query.py\", line 1709, in names_to_path\n    raise FieldError(\n"}}, {"model": "django_apscheduler.djangojobexecution", "pk": 33, "fields": {"job": "my_job", "status": "Error!", "run_time": "2022-12-12T17:04:20Z", "duration": "0.28", "finished": "1670864660.28", "exception": "Cannot resolve keyword 'name' into field. Choices are: cat_name, id, post_category, posts, sub_user, subscribersusers", "traceback": "  File \"/home/user/SkillFactory/PyProjects/News_Portal/venv/lib/python3.10/site-packages/apscheduler/executors/base.py\", line 125, in run_job\n    retval = job.func(*job.args, **job.kwargs)\n  File \"/home/user/SkillFactory/PyProjects/News_Portal/News_Paper/news/management/commands/runapscheduler.py\", line 28, in my_job\n    last_subscribers = set(Categories.objects.filter(name__in = last_categories).values_list('subscribers__email', flat = True))\n  File \"/home/user/SkillFactory/PyProjects/News_Portal/venv/lib/python3.10/site-packages/django/db/models/manager.py\", line 85, in manager_method\n    return getattr(self.get_queryset(), name)(*args, **kwargs)\n  File \"/home/user/SkillFactory/PyProjects/News_Portal/venv/lib/python3.10/site-packages/django/db/models/query.py\", line 1420, in filter\n    return self._filter_or_exclude(False, args, kwargs)\n  File \"/home/user/SkillFactory/PyProjects/News_Portal/venv/lib/python3.10/site-packages/django/db/models/query.py\", line 1438, in _filter_or_exclude\n    clone._filter_or_exclude_inplace(negate, args, kwargs)\n  File \"/home/user/SkillFactory/PyProjects/News_Portal/venv/lib/python3.10/site-packages/django/db/models/query.py\", line 1445, in _filter_or_exclude_inplace\n    self._query.add_q(Q(*args, **kwargs))\n  File \"/home/user/SkillFactory/PyProjects/News_Portal/venv/lib/python3.10/site-packages/django/db/models/sql/query.py\", line 1532, in add_q\n    clause, _ = self._add_q(q_object, self.used_aliases)\n  File \"/home/user/SkillFactory/PyProjects/News_Portal/venv/lib/python3.10/site-packages/django/db/models/sql/query.py\", line 1562, in _add_q\n    child_clause, needed_inner = self.build_filter(\n  File \"/home/user/SkillFactory/PyProjects/News_Portal/venv/lib/python3.10/site-packages/django/db/models/sql/query.py\", line 1407, in build_filter\n    lookups, parts, reffed_expression = self.solve_lookup_type(arg)\n  File \"/home/user/SkillFactory/PyProjects/News_Portal/venv/lib/python3.10/site-packages/django/db/models/sql/query.py\", line 1217, in solve_lookup_type\n    _, field, _, lookup_parts = self.names_to_path(lookup_splitted, self.get_meta())\n  File \"/home/user/SkillFactory/PyProjects/News_Portal/venv/lib/python3.10/site-packages/django/db/models/sql/query.py\", line 1709, in names_to_path\n    raise FieldError(\n"}}, {"model": "django_apscheduler.djangojobexecution", "pk": 34, "fields": {"job": "my_job", "status": "Error!", "run_time": "2022-12-12T17:04:40Z", "duration": "0.14", "finished": "1670864680.14", "exception": "Cannot resolve keyword 'subscribers' into field. Choices are: cat_name, id, post_category, posts, sub_user, subscribersusers", "traceback": "  File \"/home/user/SkillFactory/PyProjects/News_Portal/venv/lib/python3.10/site-packages/apscheduler/executors/base.py\", line 125, in run_job\n    retval = job.func(*job.args, **job.kwargs)\n  File \"/home/user/SkillFactory/PyProjects/News_Portal/News_Paper/news/management/commands/runapscheduler.py\", line 28, in my_job\n    last_subscribers = set(Categories.objects.filter(cat_name__in = last_categories).values_list('subscribers__email', flat = True))\n  File \"/home/user/SkillFactory/PyProjects/News_Portal/venv/lib/python3.10/site-packages/django/db/models/query.py\", line 1329, in values_list\n    clone = self._values(*_fields, **expressions)\n  File \"/home/user/SkillFactory/PyProjects/News_Portal/venv/lib/python3.10/site-packages/django/db/models/query.py\", line 1292, in _values\n    clone.query.set_values(fields)\n  File \"/home/user/SkillFactory/PyProjects/News_Portal/venv/lib/python3.10/site-packages/django/db/models/sql/query.py\", line 2437, in set_values\n    self.add_fields(field_names, True)\n  File \"/home/user/SkillFactory/PyProjects/News_Portal/venv/lib/python3.10/site-packages/django/db/models/sql/query.py\", line 2142, in add_fields\n    join_info = self.setup_joins(\n  File \"/home/user/SkillFactory/PyProjects/News_Portal/venv/lib/python3.10/site-packages/django/db/models/sql/query.py\", line 1808, in setup_joins\n    path, final_field, targets, rest = self.names_to_path(\n  File \"/home/user/SkillFactory/PyProjects/News_Portal/venv/lib/python3.10/site-packages/django/db/models/sql/query.py\", line 1709, in names_to_path\n    raise FieldError(\n"}}, {"model": "django_apscheduler.djangojobexecution", "pk": 35, "fields": {"job": "my_job", "status": "Error!", "run_time": "2022-12-12T17:05:50Z", "duration": "0.19", "finished": "1670864750.19", "exception": "Unsupported lookup 'email' for BigAutoField or join on the field not permitted.", "traceback": "  File \"/home/user/SkillFactory/PyProjects/News_Portal/venv/lib/python3.10/site-packages/apscheduler/executors/base.py\", line 125, in run_job\n    retval = job.func(*job.args, **job.kwargs)\n  File \"/home/user/SkillFactory/PyProjects/News_Portal/News_Paper/news/management/commands/runapscheduler.py\", line 28, in my_job\n    last_subscribers = set(Categories.objects.filter(cat_name__in = last_categories).values_list('subscribersusers__email', flat = True))\n  File \"/home/user/SkillFactory/PyProjects/News_Portal/venv/lib/python3.10/site-packages/django/db/models/query.py\", line 1329, in values_list\n    clone = self._values(*_fields, **expressions)\n  File \"/home/user/SkillFactory/PyProjects/News_Portal/venv/lib/python3.10/site-packages/django/db/models/query.py\", line 1292, in _values\n    clone.query.set_values(fields)\n  File \"/home/user/SkillFactory/PyProjects/News_Portal/venv/lib/python3.10/site-packages/django/db/models/sql/query.py\", line 2437, in set_values\n    self.add_fields(field_names, True)\n  File \"/home/user/SkillFactory/PyProjects/News_Portal/venv/lib/python3.10/site-packages/django/db/models/sql/query.py\", line 2151, in add_fields\n    cols.append(join_info.transform_function(target, final_alias))\n  File \"/home/user/SkillFactory/PyProjects/News_Portal/venv/lib/python3.10/site-packages/django/db/models/sql/query.py\", line 1831, in transform\n    return self.try_transform(wrapped, name)\n  File \"/home/user/SkillFactory/PyProjects/News_Portal/venv/lib/python3.10/site-packages/django/db/models/sql/query.py\", line 1341, in try_transform\n    raise FieldError(\n"}}, {"model": "django_apscheduler.djangojobexecution", "pk": 36, "fields": {"job": "my_job", "status": "Error!", "run_time": "2022-12-12T17:06:00Z", "duration": "0.15", "finished": "1670864760.15", "exception": "Unsupported lookup 'email' for BigAutoField or join on the field not permitted.", "traceback": "  File \"/home/user/SkillFactory/PyProjects/News_Portal/venv/lib/python3.10/site-packages/apscheduler/executors/base.py\", line 125, in run_job\n    retval = job.func(*job.args, **job.kwargs)\n  File \"/home/user/SkillFactory/PyProjects/News_Portal/News_Paper/news/management/commands/runapscheduler.py\", line 28, in my_job\n    last_subscribers = set(Categories.objects.filter(cat_name__in = last_categories).values_list('subscribersusers__email', flat = True))\n  File \"/home/user/SkillFactory/PyProjects/News_Portal/venv/lib/python3.10/site-packages/django/db/models/query.py\", line 1329, in values_list\n    clone = self._values(*_fields, **expressions)\n  File \"/home/user/SkillFactory/PyProjects/News_Portal/venv/lib/python3.10/site-packages/django/db/models/query.py\", line 1292, in _values\n    clone.query.set_values(fields)\n  File \"/home/user/SkillFactory/PyProjects/News_Portal/venv/lib/python3.10/site-packages/django/db/models/sql/query.py\", line 2437, in set_values\n    self.add_fields(field_names, True)\n  File \"/home/user/SkillFactory/PyProjects/News_Portal/venv/lib/python3.10/site-packages/django/db/models/sql/query.py\", line 2151, in add_fields\n    cols.append(join_info.transform_function(target, final_alias))\n  File \"/home/user/SkillFactory/PyProjects/News_Portal/venv/lib/python3.10/site-packages/django/db/models/sql/query.py\", line 1831, in transform\n    return self.try_transform(wrapped, name)\n  File \"/home/user/SkillFactory/PyProjects/News_Portal/venv/lib/python3.10/site-packages/django/db/models/sql/query.py\", line 1341, in try_transform\n    raise FieldError(\n"}}, {"model": "django_apscheduler.djangojobexecution", "pk": 37, "fields": {"job": "my_job", "status": "Error!", "run_time": "2022-12-12T17:06:10Z", "duration": "0.27", "finished": "1670864770.27", "exception": "Unsupported lookup 'email' for BigAutoField or join on the field not permitted.", "traceback": "  File \"/home/user/SkillFactory/PyProjects/News_Portal/venv/lib/python3.10/site-packages/apscheduler/executors/base.py\", line 125, in run_job\n    retval = job.func(*job.args, **job.kwargs)\n  File \"/home/user/SkillFactory/PyProjects/News_Portal/News_Paper/news/management/commands/runapscheduler.py\", line 28, in my_job\n    last_subscribers = set(Categories.objects.filter(cat_name__in = last_categories).values_list('subscribersusers__email', flat = True))\n  File \"/home/user/SkillFactory/PyProjects/News_Portal/venv/lib/python3.10/site-packages/django/db/models/query.py\", line 1329, in values_list\n    clone = self._values(*_fields, **expressions)\n  File \"/home/user/SkillFactory/PyProjects/News_Portal/venv/lib/python3.10/site-packages/django/db/models/query.py\", line 1292, in _values\n    clone.query.set_values(fields)\n  File \"/home/user/SkillFactory/PyProjects/News_Portal/venv/lib/python3.10/site-packages/django/db/models/sql/query.py\", line 2437, in set_values\n    self.add_fields(field_names, True)\n  File \"/home/user/SkillFactory/PyProjects/News_Portal/venv/lib/python3.10/site-packages/django/db/models/sql/query.py\", line 2151, in add_fields\n    cols.append(join_info.transform_function(target, final_alias))\n  File \"/home/user/SkillFactory/PyProjects/News_Portal/venv/lib/python3.10/site-packages/django/db/models/sql/query.py\", line 1831, in transform\n    return self.try_transform(wrapped, name)\n  File \"/home/user/SkillFactory/PyProjects/News_Portal/venv/lib/python3.10/site-packages/django/db/models/sql/query.py\", line 1341, in try_transform\n    raise FieldError(\n"}}, {"model": "django_apscheduler.djangojobexecution", "pk": 38, "fields": {"job": "my_job", "status": "Error!", "run_time": "2022-12-12T17:06:20Z", "duration": "0.25", "finished": "1670864780.25", "exception": "Unsupported lookup 'email' for BigAutoField or join on the field not permitted.", "traceback": "  File \"/home/user/SkillFactory/PyProjects/News_Portal/venv/lib/python3.10/site-packages/apscheduler/executors/base.py\", line 125, in run_job\n    retval = job.func(*job.args, **job.kwargs)\n  File \"/home/user/SkillFactory/PyProjects/News_Portal/News_Paper/news/management/commands/runapscheduler.py\", line 28, in my_job\n    last_subscribers = set(Categories.objects.filter(cat_name__in = last_categories).values_list('subscribersusers__email', flat = True))\n  File \"/home/user/SkillFactory/PyProjects/News_Portal/venv/lib/python3.10/site-packages/django/db/models/query.py\", line 1329, in values_list\n    clone = self._values(*_fields, **expressions)\n  File \"/home/user/SkillFactory/PyProjects/News_Portal/venv/lib/python3.10/site-packages/django/db/models/query.py\", line 1292, in _values\n    clone.query.set_values(fields)\n  File \"/home/user/SkillFactory/PyProjects/News_Portal/venv/lib/python3.10/site-packages/django/db/models/sql/query.py\", line 2437, in set_values\n    self.add_fields(field_names, True)\n  File \"/home/user/SkillFactory/PyProjects/News_Portal/venv/lib/python3.10/site-packages/django/db/models/sql/query.py\", line 2151, in add_fields\n    cols.append(join_info.transform_function(target, final_alias))\n  File \"/home/user/SkillFactory/PyProjects/News_Portal/venv/lib/python3.10/site-packages/django/db/models/sql/query.py\", line 1831, in transform\n    return self.try_transform(wrapped, name)\n  File \"/home/user/SkillFactory/PyProjects/News_Portal/venv/lib/python3.10/site-packages/django/db/models/sql/query.py\", line 1341, in try_transform\n    raise FieldError(\n"}}, {"model": "django_apscheduler.djangojobexecution", "pk": 39, "fields": {"job": "my_job", "status": "Executed", "run_time": "2022-12-12T17:06:50Z", "duration": "1.31", "finished": "1670864811.31", "exception": null, "traceback": null}}, {"model": "django_apscheduler.djangojobexecution", "pk": 40, "fields": {"job": "my_job", "status": "Executed", "run_time": "2022-12-12T17:07:00Z", "duration": "1.32", "finished": "1670864821.32", "exception": null, "traceback": null}}, {"model": "django_apscheduler.djangojobexecution", "pk": 41, "fields": {"job": "my_job", "status": "Executed", "run_time": "2022-12-12T17:07:10Z", "duration": "1.45", "finished": "1670864831.45", "exception": null, "traceback": null}}, {"model": "django_apscheduler.djangojobexecution", "pk": 42, "fields": {"job": "my_job", "status": "Executed", "run_time": "2022-12-12T17:09:20Z", "duration": "1.57", "finished": "1670864961.57", "exception": null, "traceback": null}}, {"model": "django_apscheduler.djangojobexecution", "pk": 43, "fields": {"job": "my_job", "status": "Executed", "run_time": "2022-12-12T17:09:30Z", "duration": "1.39", "finished": "1670864971.39", "exception": null, "traceback": null}}]